{
    "gpt-4-turbo": {
        "gpt-4o": {
            "rouge1": 0.14542548941270475,
            "rouge2": 0.06557377049180328,
            "rougeL": 0.087095485417499,
            "rougeLsum": 0.087095485417499,
            "bleu": {
                "bleu": 0.049137327597973394,
                "precisions": [
                    0.08925695882217621,
                    0.06028531983433042,
                    0.038895281933256615,
                    0.02785451197053407
                ],
                "brevity_penalty": 1.0,
                "length_ratio": 9.0,
                "translation_length": 4347,
                "reference_length": 483
            },
            "bert": {
                "precision": 0.7239525318145752,
                "recall": 0.7384969294071198,
                "f1": 0.7311510145664215
            }
        },
        "meta-llama-3.1-8b-instruct": {
            "rouge1": 0.2533081285444234,
            "rouge2": 0.10416666666666666,
            "rougeL": 0.16635160680529298,
            "rougeLsum": 0.16635160680529298,
            "bleu": {
                "bleu": 0.11844573643092658,
                "precisions": [
                    0.24140302613480055,
                    0.15072264280798348,
                    0.09022038567493113,
                    0.05995864920744314
                ],
                "brevity_penalty": 1.0,
                "length_ratio": 3.010351966873706,
                "translation_length": 1454,
                "reference_length": 483
            },
            "bert": {
                "precision": 0.7548887431621552,
                "recall": 0.7384383678436279,
                "f1": 0.7465320229530334
            }
        }
    },
    "gpt-4o": {
        "gpt-4-turbo": {
            "rouge1": 0.14542548941270475,
            "rouge2": 0.06557377049180328,
            "rougeL": 0.087095485417499,
            "rougeLsum": 0.087095485417499,
            "bleu": {
                "bleu": 0.0001487648391605421,
                "precisions": [
                    0.8033126293995859,
                    0.5435684647302904,
                    0.35135135135135137,
                    0.2520833333333333
                ],
                "brevity_penalty": 0.00033546262790251185,
                "length_ratio": 0.1111111111111111,
                "translation_length": 483,
                "reference_length": 4347
            },
            "bert": {
                "precision": 0.7384969294071198,
                "recall": 0.7239525020122528,
                "f1": 0.7311509549617767
            }
        },
        "meta-llama-3.1-8b-instruct": {
            "rouge1": 0.42381106438045935,
            "rouge2": 0.1994172871479443,
            "rougeL": 0.2322872856680686,
            "rougeLsum": 0.2322872856680686,
            "bleu": {
                "bleu": 0.04426620801079638,
                "precisions": [
                    0.7393397524071527,
                    0.44872677219545765,
                    0.25550964187327824,
                    0.129565816678153
                ],
                "brevity_penalty": 0.13673867843270918,
                "length_ratio": 0.33448355187485623,
                "translation_length": 1454,
                "reference_length": 4347
            },
            "bert": {
                "precision": 0.754274559020996,
                "recall": 0.743521773815155,
                "f1": 0.7479402303695679
            }
        }
    },
    "meta-llama-3.1-8b-instruct": {
        "gpt-4-turbo": {
            "rouge1": 0.2533081285444234,
            "rouge2": 0.10416666666666666,
            "rougeL": 0.16635160680529298,
            "rougeLsum": 0.16635160680529298,
            "bleu": {
                "bleu": 0.04785811162451773,
                "precisions": [
                    0.7267080745341615,
                    0.45435684647302904,
                    0.27234927234927236,
                    0.18125
                ],
                "brevity_penalty": 0.13394152339220025,
                "length_ratio": 0.3321870701513067,
                "translation_length": 483,
                "reference_length": 1454
            },
            "bert": {
                "precision": 0.7384383678436279,
                "recall": 0.7548887729644775,
                "f1": 0.7465320229530334
            }
        },
        "gpt-4o": {
            "rouge1": 0.42381106438045935,
            "rouge2": 0.1994172871479443,
            "rougeL": 0.2322872856680686,
            "rougeLsum": 0.2322872856680686,
            "bleu": {
                "bleu": 0.10820746300305223,
                "precisions": [
                    0.2472969864274212,
                    0.1500230096640589,
                    0.08538550057537399,
                    0.0432780847145488
                ],
                "brevity_penalty": 1.0,
                "length_ratio": 2.9896836313617605,
                "translation_length": 4347,
                "reference_length": 1454
            },
            "bert": {
                "precision": 0.743521773815155,
                "recall": 0.754274559020996,
                "f1": 0.7479402303695679
            }
        }
    }
}
