Reference,Comparison,rouge1,rouge2,rougeL,rougeLsum,bleu_bleu,bleu_precisions,bleu_brevity_penalty,bleu_length_ratio,bleu_translation_length,bleu_reference_length,bert_precision,bert_recall,bert_f1
gpt-4-turbo,gpt-4o,0.5800000000000001,0.3366733466933868,0.382,0.382,0.3324507469771323,"[0.47510917030567684, 0.36451048951048953, 0.2983377077865267, 0.23642732049036777]",1.0,1.8174603174603174,1145,630,0.766535758972168,0.7977369725704193,0.7817247807979584
gpt-4-turbo,meta-llama-3.1-8b-instruct,0.4715162138475022,0.21949078138718175,0.26468010517090274,0.26468010517090274,0.22945620699335836,"[0.36075949367088606, 0.2512315270935961, 0.2, 0.1529245947850599]",1.0,2.257142857142857,1422,630,0.7805849015712738,0.7816735506057739,0.7811284363269806
gpt-4o,gpt-4-turbo,0.5800000000000001,0.3366733466933868,0.382,0.382,0.2670792663241086,"[0.8634920634920635, 0.6629570747217806, 0.5429936305732485, 0.430622009569378]",0.44155163268139297,0.5502183406113537,630,1145,0.7977369725704193,0.766535758972168,0.7817247807979584
gpt-4o,meta-llama-3.1-8b-instruct,0.5414599574769667,0.19588360539389638,0.27072997873848337,0.27072997873848337,0.2772238839415929,"[0.5829817158931083, 0.35608726249120337, 0.22183098591549297, 0.12825933756166313]",1.0,1.2419213973799126,1422,1145,0.7552349120378494,0.7396280318498611,0.747226893901825
meta-llama-3.1-8b-instruct,gpt-4-turbo,0.4715162138475022,0.21949078138718175,0.26468010517090274,0.26468010517090274,0.1475251663732244,"[0.8142857142857143, 0.5675675675675675, 0.45222929936305734, 0.34609250398724084]",0.28446562545044835,0.4430379746835443,630,1422,0.7816735506057739,0.7805849015712738,0.7811284363269806
meta-llama-3.1-8b-instruct,gpt-4o,0.5414599574769667,0.19588360539389638,0.27072997873848337,0.27072997873848337,0.27037756841939214,"[0.7240174672489083, 0.4423076923076923, 0.2755905511811024, 0.159369527145359]",0.7851178874495489,0.8052039381153305,1145,1422,0.7396280318498611,0.7552349120378494,0.747226893901825
