Reference,Comparison,rouge1,rouge2,rougeL,rougeLsum,bleu_bleu,bleu_precisions,bleu_brevity_penalty,bleu_length_ratio,bleu_translation_length,bleu_reference_length,bert_precision,bert_recall,bert_f1
gpt-4-turbo,gpt-4o,0.56969697,0.283975659,0.404040404,0.404040404,0.311472201,"[0.5194585448392555, 0.3694915254237288, 0.2597623089983022, 0.18877551020408162]",1,1.559366755,591,379,0.698971242,0.776904106,0.735163301
,meta-llama-3.1-8b-instruct,0.523364486,0.230046948,0.411214953,0.411214953,0.329057999,"[0.5138592750533049, 0.3888888888888889, 0.284796573875803, 0.20600858369098712]",1,1.237467018,469,379,0.713240683,0.754960597,0.732061356
gpt-4o,gpt-4-turbo,0.56969697,0.283975659,0.404040404,0.404040404,0.278008051,"[0.8100263852242744, 0.5767195767195767, 0.40583554376657827, 0.29521276595744683]",0.571570894,0.641285956,379,591,0.776904106,0.698971242,0.735163301
,meta-llama-3.1-8b-instruct,0.512428298,0.180422265,0.340344168,0.340344168,0.258291976,"[0.7142857142857143, 0.4358974358974359, 0.25481798715203424, 0.15879828326180256]",0.77095295,0.79357022,469,591,0.803917199,0.771366119,0.787292093
meta-llama-3.1-8b-instruct,gpt-4-turbo,0.523364486,0.230046948,0.411214953,0.411214953,0.321371351,"[0.6358839050131926, 0.48148148148148145, 0.35278514588859416, 0.2553191489361702]",0.788622901,0.808102345,379,469,0.754960597,0.713240683,0.732061356
,gpt-4o,0.512428298,0.180422265,0.340344168,0.340344168,0.265693167,"[0.5668358714043993, 0.34576271186440677, 0.20203735144312393, 0.12585034013605442]",1,1.260127932,591,469,0.771366119,0.803917199,0.787292093
