Reference,Comparison,rouge1,rouge2,rougeL,rougeLsum,bleu_bleu,bleu_precisions,bleu_brevity_penalty,bleu_length_ratio,bleu_translation_length,bleu_reference_length,bert_precision,bert_recall,bert_f1
gpt-4-turbo,gpt-4o,0.592525068,0.301369863,0.317228806,0.317228806,0.358111071,"[0.5651085141903172, 0.4227234753550543, 0.31521739130434784, 0.21841004184100418]",1,1.414403778,1198,847,0.778603514,0.783960183,0.781093061
,meta-llama-3.1-8b-instruct,0.425887265,0.186192469,0.275574113,0.275574113,0.256983016,"[0.473953013278856, 0.32515337423312884, 0.21084953940634596, 0.13422131147540983]",1,1.155844156,979,847,0.752249718,0.743777951,0.747871319
gpt-4o,gpt-4-turbo,0.592525068,0.301369863,0.317228806,0.317228806,0.334844951,"[0.7992916174734357, 0.5981087470449172, 0.4461538461538462, 0.30924170616113744]",0.660734107,0.707011686,847,1198,0.783960183,0.778603494,0.781093061
,meta-llama-3.1-8b-instruct,0.471441523,0.183469573,0.279238441,0.279238441,0.300719686,"[0.6843718079673136, 0.46421267893660534, 0.31525076765609006, 0.19979508196721313]",0.799556843,0.817195326,979,1198,0.780092731,0.760426968,0.769997388
meta-llama-3.1-8b-instruct,gpt-4-turbo,0.425887265,0.186192469,0.275574113,0.275574113,0.254229191,"[0.5478158205430933, 0.375886524822695, 0.24378698224852072, 0.1552132701421801]",0.855692535,0.865168539,847,979,0.743777951,0.752249718,0.747871319
,gpt-4o,0.471441523,0.183469573,0.279238441,0.279238441,0.307267398,"[0.5592654424040067, 0.379281537176274, 0.25752508361204013, 0.16317991631799164]",1,1.223697651,1198,979,0.760426924,0.780092746,0.769997373
