Reference,Comparison,rouge1,rouge2,rougeL,rougeLsum,bleu_bleu,bleu_precisions,bleu_brevity_penalty,bleu_length_ratio,bleu_translation_length,bleu_reference_length,bert_precision,bert_recall,bert_f1
gpt-4-turbo,gpt-4o,0.5769944341372912,0.42007434944237915,0.45454545454545453,0.45454545454545453,0.37372797970308447,"[0.45590433482810166, 0.3911742707554226, 0.35104790419161674, 0.31161048689138576]",1.0,1.9792899408284024,1338,676,0.7706964313983917,0.7951924204826355,0.7827514111995697
gpt-4-turbo,meta-llama-3.1-8b-instruct,0.6275395033860045,0.37556561085972856,0.42437923250564336,0.42437923250564336,0.44470984050498014,"[0.5974842767295597, 0.472193074501574, 0.40441176470588236, 0.34279705573080965]",1.0,1.4112426035502958,954,676,0.8209932446479797,0.8336747884750366,0.8272850811481476
gpt-4o,gpt-4-turbo,0.5769944341372912,0.42007434944237915,0.45454545454545453,0.45454545454545453,0.2781268066641641,"[0.9023668639053254, 0.7748148148148148, 0.6958456973293768, 0.6181277860326895]",0.37557768657466967,0.5052316890881914,676,1338,0.7951923906803131,0.7706964313983917,0.7827513813972473
gpt-4o,meta-llama-3.1-8b-instruct,0.5974025974025974,0.2991869918699187,0.38636363636363635,0.38636363636363635,0.3462819840485106,"[0.8144654088050315, 0.5907660020986358, 0.44432773109243695, 0.33648790746582546]",0.6686358257015949,0.7130044843049327,954,1338,0.7848552862803141,0.7577766180038452,0.7708646257718405
meta-llama-3.1-8b-instruct,gpt-4-turbo,0.6275395033860045,0.37556561085972856,0.42437923250564336,0.42437923250564336,0.4162552019424369,"[0.8431952662721893, 0.6666666666666666, 0.5712166172106825, 0.48439821693907875]",0.6628261081262831,0.7085953878406709,676,954,0.8336748480796814,0.8209932446479797,0.8272851407527924
meta-llama-3.1-8b-instruct,gpt-4o,0.5974025974025974,0.2991869918699187,0.38636363636363635,0.38636363636363635,0.36909327195990205,"[0.5807174887892377, 0.42109199700822736, 0.3166167664670659, 0.2397003745318352]",1.0,1.4025157232704402,1338,954,0.7577766180038452,0.7848552862803141,0.7708646257718405
