Reference,Comparison,rouge1,rouge2,rougeL,rougeLsum,bleu_bleu,bleu_precisions,bleu_brevity_penalty,bleu_length_ratio,bleu_translation_length,bleu_reference_length,bert_precision,bert_recall,bert_f1
gpt-4-turbo,gpt-4o,0.6263096623981373,0.3430571761960326,0.3934807916181607,0.3934807916181607,0.4017682986745173,"[0.5770456960680127, 0.4425531914893617, 0.3652822151224707, 0.279317697228145]",1.0,1.363768115942029,941,690,0.6378699541091919,0.721044679482778,0.6633002360661825
gpt-4-turbo,meta-llama-3.1-8b-instruct,0.5241157556270095,0.25806451612903225,0.3118971061093248,0.3118971061093248,0.26909290218519394,"[0.7591836734693878, 0.48466257668711654, 0.32581967213114754, 0.22381930184804927]",0.6648703197043959,0.7101449275362319,490,690,0.7877247035503387,0.7355954051017761,0.7606397867202759
gpt-4o,gpt-4-turbo,0.6263096623981373,0.3430571761960326,0.3934807916181607,0.3934807916181607,0.38105378994914973,"[0.7869565217391304, 0.6037735849056604, 0.498546511627907, 0.3813682678311499]",0.695052347616665,0.7332624867162593,690,941,0.721044659614563,0.6378699541091919,0.6633002360661825
gpt-4o,meta-llama-3.1-8b-instruct,0.495104895104895,0.23562412342215988,0.3132867132867133,0.3132867132867133,0.19005546222571745,"[0.8020408163265306, 0.5623721881390593, 0.39959016393442626, 0.2874743326488706]",0.39835641344299094,0.5207226354941552,490,941,0.7636086344718933,0.7432549595832825,0.7532244324684143
meta-llama-3.1-8b-instruct,gpt-4-turbo,0.5241157556270095,0.25806451612903225,0.3118971061093248,0.3118971061093248,0.28716093256742775,"[0.5391304347826087, 0.3439767779390421, 0.2311046511627907, 0.1586608442503639]",1.0,1.4081632653061225,690,490,0.7355954051017761,0.7877247035503387,0.7606397867202759
meta-llama-3.1-8b-instruct,gpt-4o,0.495104895104895,0.23562412342215988,0.3132867132867133,0.3132867132867133,0.24807071357219673,"[0.41764080765143463, 0.2925531914893617, 0.20766773162939298, 0.14925373134328357]",1.0,1.920408163265306,941,490,0.7432549595832825,0.7636086344718933,0.7532244324684143
