{
    "gpt-4-turbo": {
        "gpt-4o": {
            "rouge1": 0.5974025974025974,
            "rouge2": 0.2958579881656805,
            "rougeL": 0.36127508854781576,
            "rougeLsum": 0.36127508854781576,
            "bleu": {
                "bleu": 0.37166157152552654,
                "precisions": [
                    0.5729499467518637,
                    0.4275053304904051,
                    0.3255069370330843,
                    0.23931623931623933
                ],
                "brevity_penalty": 1.0,
                "length_ratio": 1.3433476394849786,
                "translation_length": 939,
                "reference_length": 699
            },
            "bert": {
                "precision": 0.7707213461399078,
                "recall": 0.7770907580852509,
                "f1": 0.7737762331962585
            }
        },
        "meta-llama-3.1-8b-instruct": {
            "rouge1": 0.31978319783197834,
            "rouge2": 0.13704206241519676,
            "rougeL": 0.21680216802168026,
            "rougeLsum": 0.21680216802168026,
            "bleu": {
                "bleu": 0.11038040815459485,
                "precisions": [
                    0.2266355140186916,
                    0.13651238896680692,
                    0.09073900841908325,
                    0.052877866167524566
                ],
                "brevity_penalty": 1.0,
                "length_ratio": 3.061516452074392,
                "translation_length": 2140,
                "reference_length": 699
            },
            "bert": {
                "precision": 0.7713655233383179,
                "recall": 0.7528744041919708,
                "f1": 0.7619350850582123
            }
        }
    },
    "gpt-4o": {
        "gpt-4-turbo": {
            "rouge1": 0.5974025974025974,
            "rouge2": 0.2958579881656805,
            "rougeL": 0.36127508854781576,
            "rougeLsum": 0.36127508854781576,
            "bleu": {
                "bleu": 0.3543732954515119,
                "precisions": [
                    0.7696709585121603,
                    0.5744985673352435,
                    0.4375896700143472,
                    0.3218390804597701
                ],
                "brevity_penalty": 0.7093915561738805,
                "length_ratio": 0.744408945686901,
                "translation_length": 699,
                "reference_length": 939
            },
            "bert": {
                "precision": 0.7770907580852509,
                "recall": 0.7707213461399078,
                "f1": 0.7737762331962585
            }
        },
        "meta-llama-3.1-8b-instruct": {
            "rouge1": 0.3309446254071662,
            "rouge2": 0.11741682974559686,
            "rougeL": 0.196742671009772,
            "rougeLsum": 0.196742671009772,
            "bleu": {
                "bleu": 0.1379644306761877,
                "precisions": [
                    0.3121495327102804,
                    0.17391304347826086,
                    0.10804490177736202,
                    0.06176883481516144
                ],
                "brevity_penalty": 1.0,
                "length_ratio": 2.2790202342918,
                "translation_length": 2140,
                "reference_length": 939
            },
            "bert": {
                "precision": 0.6274104416370392,
                "recall": 0.6869964748620987,
                "f1": 0.6461782902479172
            }
        }
    },
    "meta-llama-3.1-8b-instruct": {
        "gpt-4-turbo": {
            "rouge1": 0.31978319783197834,
            "rouge2": 0.13704206241519676,
            "rougeL": 0.21680216802168026,
            "rougeLsum": 0.21680216802168026,
            "bleu": {
                "bleu": 0.04306776328500515,
                "precisions": [
                    0.6938483547925608,
                    0.4183381088825215,
                    0.2783357245337159,
                    0.16235632183908047
                ],
                "brevity_penalty": 0.1272608385320229,
                "length_ratio": 0.32663551401869156,
                "translation_length": 699,
                "reference_length": 2140
            },
            "bert": {
                "precision": 0.7528744041919708,
                "recall": 0.7713655233383179,
                "f1": 0.7619350850582123
            }
        },
        "gpt-4o": {
            "rouge1": 0.3309446254071662,
            "rouge2": 0.11741682974559686,
            "rougeL": 0.196742671009772,
            "rougeLsum": 0.196742671009772,
            "bleu": {
                "bleu": 0.08758584631898966,
                "precisions": [
                    0.711395101171459,
                    0.39658848614072495,
                    0.24653148345784417,
                    0.14102564102564102
                ],
                "brevity_penalty": 0.27830984535905284,
                "length_ratio": 0.43878504672897195,
                "translation_length": 939,
                "reference_length": 2140
            },
            "bert": {
                "precision": 0.6869964748620987,
                "recall": 0.6274104416370392,
                "f1": 0.6461782902479172
            }
        }
    }
}
