{
    "gpt-4-turbo": {
        "gpt-4o": {
            "rouge1": 0.456549935149157,
            "rouge2": 0.22886866059817945,
            "rougeL": 0.28534370946822313,
            "rougeLsum": 0.28534370946822313,
            "bleu": {
                "bleu": 0.21603736804318613,
                "precisions": [
                    0.3448607108549472,
                    0.25576923076923075,
                    0.18575553416746873,
                    0.1329479768786127
                ],
                "brevity_penalty": 1.0,
                "length_ratio": 2.3767123287671232,
                "translation_length": 1041,
                "reference_length": 438
            },
            "bert": {
                "precision": 0.7599077522754669,
                "recall": 0.8132273554801941,
                "f1": 0.7856094539165497
            }
        },
        "meta-llama-3.1-8b-instruct": {
            "rouge1": 0.3941605839416058,
            "rouge2": 0.16691068814055637,
            "rougeL": 0.27445255474452557,
            "rougeLsum": 0.27445255474452557,
            "bleu": {
                "bleu": 0.19979971044410508,
                "precisions": [
                    0.3161290322580645,
                    0.23466092572658773,
                    0.17780172413793102,
                    0.12081984897518878
                ],
                "brevity_penalty": 1.0,
                "length_ratio": 2.1232876712328768,
                "translation_length": 930,
                "reference_length": 438
            },
            "bert": {
                "precision": 0.745593786239624,
                "recall": 0.7849246561527252,
                "f1": 0.764541357755661
            }
        }
    },
    "gpt-4o": {
        "gpt-4-turbo": {
            "rouge1": 0.456549935149157,
            "rouge2": 0.22886866059817945,
            "rougeL": 0.28534370946822313,
            "rougeLsum": 0.28534370946822313,
            "bleu": {
                "bleu": 0.1298589028162291,
                "precisions": [
                    0.819634703196347,
                    0.6086956521739131,
                    0.4426605504587156,
                    0.31724137931034485
                ],
                "brevity_penalty": 0.25240702175157453,
                "length_ratio": 0.4207492795389049,
                "translation_length": 438,
                "reference_length": 1041
            },
            "bert": {
                "precision": 0.8132273554801941,
                "recall": 0.7599077522754669,
                "f1": 0.7856094539165497
            }
        },
        "meta-llama-3.1-8b-instruct": {
            "rouge1": 0.5112016293279023,
            "rouge2": 0.18367346938775508,
            "rougeL": 0.3360488798370672,
            "rougeLsum": 0.3360488798370672,
            "bleu": {
                "bleu": 0.2884129139565244,
                "precisions": [
                    0.6698924731182796,
                    0.40904198062432723,
                    0.25323275862068967,
                    0.16073354908306364
                ],
                "brevity_penalty": 0.8874928280730422,
                "length_ratio": 0.8933717579250721,
                "translation_length": 930,
                "reference_length": 1041
            },
            "bert": {
                "precision": 0.7913147509098053,
                "recall": 0.7652094513177872,
                "f1": 0.7778764963150024
            }
        }
    },
    "meta-llama-3.1-8b-instruct": {
        "gpt-4-turbo": {
            "rouge1": 0.3941605839416058,
            "rouge2": 0.16691068814055637,
            "rougeL": 0.27445255474452557,
            "rougeLsum": 0.27445255474452557,
            "bleu": {
                "bleu": 0.13821525746835214,
                "precisions": [
                    0.6712328767123288,
                    0.4988558352402746,
                    0.37844036697247707,
                    0.2574712643678161
                ],
                "brevity_penalty": 0.3252088553411519,
                "length_ratio": 0.47096774193548385,
                "translation_length": 438,
                "reference_length": 930
            },
            "bert": {
                "precision": 0.78492471575737,
                "recall": 0.7455938458442688,
                "f1": 0.7645414173603058
            }
        },
        "gpt-4o": {
            "rouge1": 0.5112016293279023,
            "rouge2": 0.18367346938775508,
            "rougeL": 0.3360488798370672,
            "rougeLsum": 0.3360488798370672,
            "bleu": {
                "bleu": 0.2902733740217629,
                "precisions": [
                    0.5984630163304515,
                    0.36538461538461536,
                    0.22617901828681425,
                    0.14354527938342967
                ],
                "brevity_penalty": 1.0,
                "length_ratio": 1.1193548387096774,
                "translation_length": 1041,
                "reference_length": 930
            },
            "bert": {
                "precision": 0.7652094513177872,
                "recall": 0.7913147509098053,
                "f1": 0.7778764963150024
            }
        }
    }
}
