Reference,Comparison,rouge1,rouge2,rougeL,rougeLsum,bleu_bleu,bleu_precisions,bleu_brevity_penalty,bleu_length_ratio,bleu_translation_length,bleu_reference_length,bert_precision,bert_recall,bert_f1
gpt-4-turbo,gpt-4o,0.456549935,0.228868661,0.285343709,0.285343709,0.216037368,"[0.3448607108549472, 0.25576923076923075, 0.18575553416746873, 0.1329479768786127]",1,2.376712329,1041,438,0.759907752,0.813227355,0.785609454
,meta-llama-3.1-8b-instruct,0.394160584,0.166910688,0.274452555,0.274452555,0.19979971,"[0.3161290322580645, 0.23466092572658773, 0.17780172413793102, 0.12081984897518878]",1,2.123287671,930,438,0.745593786,0.784924656,0.764541358
gpt-4o,gpt-4-turbo,0.456549935,0.228868661,0.285343709,0.285343709,0.129858903,"[0.819634703196347, 0.6086956521739131, 0.4426605504587156, 0.31724137931034485]",0.252407022,0.42074928,438,1041,0.813227355,0.759907752,0.785609454
,meta-llama-3.1-8b-instruct,0.511201629,0.183673469,0.33604888,0.33604888,0.288412914,"[0.6698924731182796, 0.40904198062432723, 0.25323275862068967, 0.16073354908306364]",0.887492828,0.893371758,930,1041,0.791314751,0.765209451,0.777876496
meta-llama-3.1-8b-instruct,gpt-4-turbo,0.394160584,0.166910688,0.274452555,0.274452555,0.138215257,"[0.6712328767123288, 0.4988558352402746, 0.37844036697247707, 0.2574712643678161]",0.325208855,0.470967742,438,930,0.784924716,0.745593846,0.764541417
,gpt-4o,0.511201629,0.183673469,0.33604888,0.33604888,0.290273374,"[0.5984630163304515, 0.36538461538461536, 0.22617901828681425, 0.14354527938342967]",1,1.119354839,1041,930,0.765209451,0.791314751,0.777876496
