Reference,Comparison,rouge1,rouge2,rougeL,rougeLsum,bleu_bleu,bleu_precisions,bleu_brevity_penalty,bleu_length_ratio,bleu_translation_length,bleu_reference_length,bert_precision,bert_recall,bert_f1
gpt-4-turbo,gpt-4o,0.6123959296947271,0.428174235403151,0.46993524514338575,0.46993524514338575,0.40107512352508295,"[0.51015625, 0.4292415949960907, 0.37167449139280123, 0.3179326546593579]",1.0,1.755829903978052,1280,729,0.6788419882456461,0.7666304508845011,0.7156166632970175
gpt-4-turbo,meta-llama-3.1-8b-instruct,0.5634920634920634,0.3180914512922466,0.33928571428571436,0.33928571428571436,0.35490260322431505,"[0.5209059233449478, 0.3870967741935484, 0.3106457242582897, 0.25327510917030566]",1.0,1.5747599451303156,1148,729,0.6933692097663879,0.735595166683197,0.7112086216608683
gpt-4o,gpt-4-turbo,0.6123959296947271,0.428174235403151,0.46993524514338575,0.46993524514338575,0.3310099516949483,"[0.8957475994513031, 0.7541208791208791, 0.6533700137551581, 0.559228650137741]",0.4696207128645796,0.56953125,729,1280,0.7666304508845011,0.6788419882456461,0.7156166632970175
gpt-4o,meta-llama-3.1-8b-instruct,0.5936777178103315,0.27644787644787644,0.2713955281418658,0.2713955281418658,0.3700408605313746,"[0.759581881533101, 0.5056669572798606, 0.33158813263525305, 0.2331877729257642]",0.8913816730689998,0.896875,1148,1280,0.7547915726900101,0.7247970551252365,0.739448755979538
meta-llama-3.1-8b-instruct,gpt-4-turbo,0.5634920634920634,0.3180914512922466,0.33928571428571436,0.33928571428571436,0.3148005482944089,"[0.8203017832647462, 0.6098901098901099, 0.4896836313617607, 0.39944903581267216]",0.5628399650655166,0.6350174216027874,729,1148,0.735595166683197,0.6933692097663879,0.7112086216608683
meta-llama-3.1-8b-instruct,gpt-4o,0.5936777178103315,0.27644787644787644,0.2713955281418658,0.2713955281418658,0.37227105308050323,"[0.68125, 0.45347928068803756, 0.297339593114241, 0.2090837901331245]",1.0,1.1149825783972125,1280,1148,0.7247970402240753,0.7547915726900101,0.7394487410783768
