Reference,Comparison,rouge1,rouge2,rougeL,rougeLsum,bleu_bleu,bleu_precisions,bleu_brevity_penalty,bleu_length_ratio,bleu_translation_length,bleu_reference_length,bert_precision,bert_recall,bert_f1
gpt-4-turbo,gpt-4o,0.453362256,0.206521739,0.247288503,0.247288503,0.200879918,"[0.34413965087281795, 0.23876871880199668, 0.16985845129059118, 0.11666666666666667]",1,2.317919075,1203,519,0.775277078,0.809750766,0.791976094
,meta-llama-3.1-8b-instruct,0.483552632,0.201320132,0.302631579,0.302631579,0.301458683,"[0.4953416149068323, 0.35303265940902023, 0.2632398753894081, 0.1794071762870515]",1,1.240847784,644,519,0.755487263,0.766773671,0.760950208
gpt-4o,gpt-4-turbo,0.453362256,0.206521739,0.247288503,0.247288503,0.124849207,"[0.7976878612716763, 0.5540540540540541, 0.3945841392649903, 0.2713178294573643]",0.267691769,0.431421446,519,1203,0.809750825,0.775277078,0.791976124
,meta-llama-3.1-8b-instruct,0.477707006,0.189361702,0.299363057,0.299363057,0.174076144,"[0.781055900621118, 0.5163297045101088, 0.3333333333333333, 0.21996879875195008]",0.419785076,0.535328346,644,1203,0.788460275,0.750241677,0.768118441
meta-llama-3.1-8b-instruct,gpt-4-turbo,0.483552632,0.201320132,0.302631579,0.302631579,0.294165724,"[0.6146435452793835, 0.43822393822393824, 0.32688588007736946, 0.22286821705426357]",0.785961253,0.805900621,519,644,0.766773671,0.755487263,0.760950208
,gpt-4o,0.477707006,0.189361702,0.299363057,0.299363057,0.221748735,"[0.41812136325852034, 0.2762063227953411, 0.1781848459616986, 0.1175]",1,1.868012422,1203,644,0.750241677,0.788460275,0.768118441
