Reference,Comparison,rouge1,rouge2,rougeL,rougeLsum,bleu_bleu,bleu_precisions,bleu_brevity_penalty,bleu_length_ratio,bleu_translation_length,bleu_reference_length,bert_precision,bert_recall,bert_f1
gpt-4-turbo,gpt-4o,0.5828729281767957,0.2908587257617728,0.4033149171270718,0.4033149171270718,0.33265600910346027,"[0.529639175257732, 0.3793548387096774, 0.28552971576227393, 0.21345407503234154]",1.0,1.3566433566433567,776,572,0.7701266407966614,0.7408232688903809,0.7550097703933716
gpt-4-turbo,meta-llama-3.1-8b-instruct,0.42,0.18729096989966557,0.26999999999999996,0.26999999999999996,0.24313742065284386,"[0.4678456591639871, 0.2834138486312399, 0.19193548387096773, 0.13731825525040386]",1.0,1.0874125874125875,622,572,0.7438420355319977,0.7064043879508972,0.7246386706829071
gpt-4o,gpt-4-turbo,0.5828729281767957,0.2908587257617728,0.4033149171270718,0.4033149171270718,0.31613551375395094,"[0.7185314685314685, 0.5148861646234676, 0.387719298245614, 0.28998242530755713]",0.7000221114559817,0.7371134020618557,572,776,0.7408232688903809,0.7701266407966614,0.7550097703933716
gpt-4o,meta-llama-3.1-8b-instruct,0.4347826086956521,0.1526479750778816,0.2608695652173913,0.2608695652173913,0.2278985627851998,"[0.6511254019292605, 0.38486312399355876, 0.2161290322580645, 0.13408723747980614]",0.780681186464186,0.8015463917525774,622,776,0.7601753771305084,0.7559337317943573,0.7578695118427277
meta-llama-3.1-8b-instruct,gpt-4-turbo,0.42,0.18729096989966557,0.26999999999999996,0.26999999999999996,0.24231219228599857,"[0.5087412587412588, 0.30823117338003503, 0.20877192982456141, 0.14938488576449913]",0.916298964213583,0.9196141479099679,572,622,0.7064043879508972,0.7438420355319977,0.7246386706829071
meta-llama-3.1-8b-instruct,gpt-4o,0.4347826086956521,0.1526479750778816,0.2608695652173913,0.2608695652173913,0.23387725296517467,"[0.5219072164948454, 0.30838709677419357, 0.1731266149870801, 0.1073738680465718]",1.0,1.247588424437299,776,622,0.7559337317943573,0.7601753771305084,0.7578695118427277
