{
    "gpt-4-turbo": {
        "gpt-4o": {
            "rouge1": 0.5828729281767957,
            "rouge2": 0.2908587257617728,
            "rougeL": 0.4033149171270718,
            "rougeLsum": 0.4033149171270718,
            "bleu": {
                "bleu": 0.33265600910346027,
                "precisions": [
                    0.529639175257732,
                    0.3793548387096774,
                    0.28552971576227393,
                    0.21345407503234154
                ],
                "brevity_penalty": 1.0,
                "length_ratio": 1.3566433566433567,
                "translation_length": 776,
                "reference_length": 572
            },
            "bert": {
                "precision": 0.7701266407966614,
                "recall": 0.7408232688903809,
                "f1": 0.7550097703933716
            }
        },
        "meta-llama-3.1-8b-instruct": {
            "rouge1": 0.42,
            "rouge2": 0.18729096989966557,
            "rougeL": 0.26999999999999996,
            "rougeLsum": 0.26999999999999996,
            "bleu": {
                "bleu": 0.24313742065284386,
                "precisions": [
                    0.4678456591639871,
                    0.2834138486312399,
                    0.19193548387096773,
                    0.13731825525040386
                ],
                "brevity_penalty": 1.0,
                "length_ratio": 1.0874125874125875,
                "translation_length": 622,
                "reference_length": 572
            },
            "bert": {
                "precision": 0.7438420355319977,
                "recall": 0.7064043879508972,
                "f1": 0.7246386706829071
            }
        }
    },
    "gpt-4o": {
        "gpt-4-turbo": {
            "rouge1": 0.5828729281767957,
            "rouge2": 0.2908587257617728,
            "rougeL": 0.4033149171270718,
            "rougeLsum": 0.4033149171270718,
            "bleu": {
                "bleu": 0.31613551375395094,
                "precisions": [
                    0.7185314685314685,
                    0.5148861646234676,
                    0.387719298245614,
                    0.28998242530755713
                ],
                "brevity_penalty": 0.7000221114559817,
                "length_ratio": 0.7371134020618557,
                "translation_length": 572,
                "reference_length": 776
            },
            "bert": {
                "precision": 0.7408232688903809,
                "recall": 0.7701266407966614,
                "f1": 0.7550097703933716
            }
        },
        "meta-llama-3.1-8b-instruct": {
            "rouge1": 0.4347826086956521,
            "rouge2": 0.1526479750778816,
            "rougeL": 0.2608695652173913,
            "rougeLsum": 0.2608695652173913,
            "bleu": {
                "bleu": 0.2278985627851998,
                "precisions": [
                    0.6511254019292605,
                    0.38486312399355876,
                    0.2161290322580645,
                    0.13408723747980614
                ],
                "brevity_penalty": 0.780681186464186,
                "length_ratio": 0.8015463917525774,
                "translation_length": 622,
                "reference_length": 776
            },
            "bert": {
                "precision": 0.7601753771305084,
                "recall": 0.7559337317943573,
                "f1": 0.7578695118427277
            }
        }
    },
    "meta-llama-3.1-8b-instruct": {
        "gpt-4-turbo": {
            "rouge1": 0.42,
            "rouge2": 0.18729096989966557,
            "rougeL": 0.26999999999999996,
            "rougeLsum": 0.26999999999999996,
            "bleu": {
                "bleu": 0.24231219228599857,
                "precisions": [
                    0.5087412587412588,
                    0.30823117338003503,
                    0.20877192982456141,
                    0.14938488576449913
                ],
                "brevity_penalty": 0.916298964213583,
                "length_ratio": 0.9196141479099679,
                "translation_length": 572,
                "reference_length": 622
            },
            "bert": {
                "precision": 0.7064043879508972,
                "recall": 0.7438420355319977,
                "f1": 0.7246386706829071
            }
        },
        "gpt-4o": {
            "rouge1": 0.4347826086956521,
            "rouge2": 0.1526479750778816,
            "rougeL": 0.2608695652173913,
            "rougeLsum": 0.2608695652173913,
            "bleu": {
                "bleu": 0.23387725296517467,
                "precisions": [
                    0.5219072164948454,
                    0.30838709677419357,
                    0.1731266149870801,
                    0.1073738680465718
                ],
                "brevity_penalty": 1.0,
                "length_ratio": 1.247588424437299,
                "translation_length": 776,
                "reference_length": 622
            },
            "bert": {
                "precision": 0.7559337317943573,
                "recall": 0.7601753771305084,
                "f1": 0.7578695118427277
            }
        }
    }
}