{
    "gpt-4-turbo": {
        "gpt-4o": {
            "rouge1": 0.4504504504504505,
            "rouge2": 0.22121896162528218,
            "rougeL": 0.26576576576576577,
            "rougeLsum": 0.26576576576576577,
            "bleu": {
                "bleu": 0.22070064547355916,
                "precisions": [
                    0.33011272141706927,
                    0.25141015310233683,
                    0.1967741935483871,
                    0.14527845036319612
                ],
                "brevity_penalty": 1.0,
                "length_ratio": 2.5661157024793386,
                "translation_length": 1242,
                "reference_length": 484
            },
            "bert": {
                "precision": 0.7513043284416199,
                "recall": 0.7647697925567627,
                "f1": 0.7579718232154846
            }
        },
        "meta-llama-3.1-8b-instruct": {
            "rouge1": 0.41700960219478733,
            "rouge2": 0.16781292984869325,
            "rougeL": 0.2798353909465021,
            "rougeLsum": 0.2798353909465021,
            "bleu": {
                "bleu": 0.16438456066855334,
                "precisions": [
                    0.3268041237113402,
                    0.2084623323013416,
                    0.13119834710743802,
                    0.08169596690796277
                ],
                "brevity_penalty": 1.0,
                "length_ratio": 2.0041322314049586,
                "translation_length": 970,
                "reference_length": 484
            },
            "bert": {
                "precision": 0.7296166121959686,
                "recall": 0.7404530942440033,
                "f1": 0.7349716126918793
            }
        }
    },
    "gpt-4o": {
        "gpt-4-turbo": {
            "rouge1": 0.4504504504504505,
            "rouge2": 0.22121896162528218,
            "rougeL": 0.26576576576576577,
            "rougeLsum": 0.26576576576576577,
            "bleu": {
                "bleu": 0.11850826397084904,
                "precisions": [
                    0.8471074380165289,
                    0.6459627329192547,
                    0.5062240663900415,
                    0.37422037422037424
                ],
                "brevity_penalty": 0.20885486324574687,
                "length_ratio": 0.3896940418679549,
                "translation_length": 484,
                "reference_length": 1242
            },
            "bert": {
                "precision": 0.7647698223590851,
                "recall": 0.7513042986392975,
                "f1": 0.7579718232154846
            }
        },
        "meta-llama-3.1-8b-instruct": {
            "rouge1": 0.4637946837763519,
            "rouge2": 0.1616161616161616,
            "rougeL": 0.25114573785517874,
            "rougeLsum": 0.25114573785517874,
            "bleu": {
                "bleu": 0.18388724411042573,
                "precisions": [
                    0.6072164948453608,
                    0.3457172342621259,
                    0.17768595041322313,
                    0.09410548086866598
                ],
                "brevity_penalty": 0.7554721423088495,
                "length_ratio": 0.7809983896940419,
                "translation_length": 970,
                "reference_length": 1242
            },
            "bert": {
                "precision": 0.7557795445124308,
                "recall": 0.7548789381980896,
                "f1": 0.755305012067159
            }
        }
    },
    "meta-llama-3.1-8b-instruct": {
        "gpt-4-turbo": {
            "rouge1": 0.41700960219478733,
            "rouge2": 0.16781292984869325,
            "rougeL": 0.2798353909465021,
            "rougeLsum": 0.2798353909465021,
            "bleu": {
                "bleu": 0.12088575354530963,
                "precisions": [
                    0.6549586776859504,
                    0.41821946169772256,
                    0.26348547717842324,
                    0.16424116424116425
                ],
                "brevity_penalty": 0.36636241470224834,
                "length_ratio": 0.49896907216494846,
                "translation_length": 484,
                "reference_length": 970
            },
            "bert": {
                "precision": 0.7404530942440033,
                "recall": 0.7296166121959686,
                "f1": 0.7349716126918793
            }
        },
        "gpt-4o": {
            "rouge1": 0.4637946837763519,
            "rouge2": 0.1616161616161616,
            "rougeL": 0.25114573785517874,
            "rougeLsum": 0.25114573785517874,
            "bleu": {
                "bleu": 0.19003600547407956,
                "precisions": [
                    0.4742351046698873,
                    0.26994359387590655,
                    0.13870967741935483,
                    0.07344632768361582
                ],
                "brevity_penalty": 1.0,
                "length_ratio": 1.2804123711340205,
                "translation_length": 1242,
                "reference_length": 970
            },
            "bert": {
                "precision": 0.7548789381980896,
                "recall": 0.7557795445124308,
                "f1": 0.755305012067159
            }
        }
    }
}
