Reference,Comparison,rouge1,rouge2,rougeL,rougeLsum,bleu_bleu,bleu_precisions,bleu_brevity_penalty,bleu_length_ratio,bleu_translation_length,bleu_reference_length,bert_precision,bert_recall,bert_f1
gpt-4-turbo,gpt-4o,0.4504504504504505,0.22121896162528218,0.26576576576576577,0.26576576576576577,0.22070064547355916,"[0.33011272141706927, 0.25141015310233683, 0.1967741935483871, 0.14527845036319612]",1.0,2.5661157024793386,1242,484,0.7513043284416199,0.7647697925567627,0.7579718232154846
gpt-4-turbo,meta-llama-3.1-8b-instruct,0.41700960219478733,0.16781292984869325,0.2798353909465021,0.2798353909465021,0.16438456066855334,"[0.3268041237113402, 0.2084623323013416, 0.13119834710743802, 0.08169596690796277]",1.0,2.0041322314049586,970,484,0.7296166121959686,0.7404530942440033,0.7349716126918793
gpt-4o,gpt-4-turbo,0.4504504504504505,0.22121896162528218,0.26576576576576577,0.26576576576576577,0.11850826397084904,"[0.8471074380165289, 0.6459627329192547, 0.5062240663900415, 0.37422037422037424]",0.20885486324574687,0.3896940418679549,484,1242,0.7647698223590851,0.7513042986392975,0.7579718232154846
gpt-4o,meta-llama-3.1-8b-instruct,0.4637946837763519,0.1616161616161616,0.25114573785517874,0.25114573785517874,0.18388724411042573,"[0.6072164948453608, 0.3457172342621259, 0.17768595041322313, 0.09410548086866598]",0.7554721423088495,0.7809983896940419,970,1242,0.7557795445124308,0.7548789381980896,0.755305012067159
meta-llama-3.1-8b-instruct,gpt-4-turbo,0.41700960219478733,0.16781292984869325,0.2798353909465021,0.2798353909465021,0.12088575354530963,"[0.6549586776859504, 0.41821946169772256, 0.26348547717842324, 0.16424116424116425]",0.36636241470224834,0.49896907216494846,484,970,0.7404530942440033,0.7296166121959686,0.7349716126918793
meta-llama-3.1-8b-instruct,gpt-4o,0.4637946837763519,0.1616161616161616,0.25114573785517874,0.25114573785517874,0.19003600547407956,"[0.4742351046698873, 0.26994359387590655, 0.13870967741935483, 0.07344632768361582]",1.0,1.2804123711340205,1242,970,0.7548789381980896,0.7557795445124308,0.755305012067159
