Reference,Comparison,rouge1,rouge2,rougeL,rougeLsum,bleu_bleu,bleu_precisions,bleu_brevity_penalty,bleu_length_ratio,bleu_translation_length,bleu_reference_length,bert_precision,bert_recall,bert_f1
gpt-4-turbo,gpt-4o,0.4266487213997308,0.2641509433962264,0.2799461641991925,0.2799461641991925,0.2066250053152522,"[0.2909275215408008, 0.2297160243407708, 0.1872146118721461, 0.14568527918781726]",1.0,3.0030441400304415,1973,657,0.7656331360340118,0.7906194925308228,0.7778454124927521
gpt-4-turbo,meta-llama-3.1-8b-instruct,0.3695054945054945,0.15268225584594222,0.21153846153846154,0.21153846153846154,0.16353112503072417,"[0.2686804451510334, 0.18292682926829268, 0.14058355437665782, 0.1035031847133758]",1.0,2.872146118721461,1887,657,0.7761487364768982,0.7786999046802521,0.7774125039577484
gpt-4o,gpt-4-turbo,0.4266487213997308,0.2641509433962264,0.2799461641991925,0.2799461641991925,0.0838487336609863,"[0.8736681887366818, 0.6905487804878049, 0.5633587786259542, 0.43883792048929665]",0.13492393010930195,0.3329954384186518,657,1973,0.7906195223331451,0.7656331360340118,0.7778454422950745
gpt-4o,meta-llama-3.1-8b-instruct,0.5447830101569714,0.17652495378927913,0.2603878116343491,0.2603878116343491,0.28022881515164183,"[0.6894541600423953, 0.41251325556733826, 0.23342175066312998, 0.11146496815286625]",0.955447953947386,0.9564115560060821,1887,1973,0.750402182340622,0.7196732262770335,0.7346405883630117
meta-llama-3.1-8b-instruct,gpt-4-turbo,0.3695054945054945,0.15268225584594222,0.21153846153846154,0.21153846153846154,0.07234226329354948,"[0.771689497716895, 0.5259146341463414, 0.40458015267175573, 0.2981651376146789]",0.15379324881866732,0.3481717011128776,657,1887,0.7786999046802521,0.7761487364768982,0.7774125039577484
meta-llama-3.1-8b-instruct,gpt-4o,0.5447830101569714,0.17652495378927913,0.2603878116343491,0.2603878116343491,0.28050170448644834,"[0.6594019260010137, 0.3945233265720081, 0.22323693556570268, 0.1065989847715736]",1.0,1.0455749867514574,1973,1887,0.7196732262770335,0.7504021922747294,0.7346405883630117
