Reference,Comparison,rouge1,rouge2,rougeL,rougeLsum,bleu_bleu,bleu_precisions,bleu_brevity_penalty,bleu_length_ratio,bleu_translation_length,bleu_reference_length,bert_precision,bert_recall,bert_f1
gpt-4-turbo,gpt-4o,0.7086614173228346,0.5614430665163471,0.6119235095613049,0.6119235095613049,0.544767781916314,"[0.6413373860182371, 0.5649087221095335, 0.5177664974619289, 0.4695121951219512]",1.0,1.4201438848920864,987,695,0.8163330256938934,0.8200543522834778,0.8181690871715546
gpt-4-turbo,meta-llama-3.1-8b-instruct,0.6293558606124604,0.45079365079365086,0.4054910242872228,0.4054910242872228,0.46219216940895363,"[0.5658986175115207, 0.4806273062730627, 0.4312096029547553, 0.38909426987060997]",1.0,1.5611510791366907,1085,695,0.8450781404972076,0.853988915681839,0.849510133266449
gpt-4o,gpt-4-turbo,0.7086614173228346,0.5614430665163471,0.6119235095613049,0.6119235095613049,0.5085758016929021,"[0.9107913669064748, 0.8025936599423631, 0.7359307359307359, 0.6676300578034682]",0.6569522875053407,0.7041540020263425,695,987,0.8200543522834778,0.8163330256938934,0.8181690871715546
gpt-4o,meta-llama-3.1-8b-instruct,0.6021897810218977,0.3528336380255941,0.354014598540146,0.354014598540146,0.4681148839331725,"[0.6967741935483871, 0.5138376383763837, 0.4053554939981533, 0.33086876155268025]",1.0,1.099290780141844,1085,987,0.7971510291099548,0.7849767208099365,0.7908296783765157
meta-llama-3.1-8b-instruct,gpt-4-turbo,0.6293558606124604,0.45079365079365086,0.4054910242872228,0.4054910242872228,0.4120031623548352,"[0.883453237410072, 0.7507204610951008, 0.6738816738816739, 0.6083815028901735]",0.5705519352887747,0.6405529953917051,695,1085,0.853988915681839,0.8450781404972076,0.849510133266449
meta-llama-3.1-8b-instruct,gpt-4o,0.6021897810218977,0.3528336380255941,0.354014598540146,0.354014598540146,0.46601870353940117,"[0.7659574468085106, 0.5649087221095335, 0.44568527918781725, 0.3638211382113821]",0.9054793743183969,0.9096774193548387,987,1085,0.7849767208099365,0.7971510291099548,0.7908296783765157
