{
    "gpt-4-turbo": {
        "gpt-4o": {
            "rouge1": 0.5134228187919463,
            "rouge2": 0.2525252525252525,
            "rougeL": 0.33557046979865773,
            "rougeLsum": 0.33557046979865773,
            "bleu": {
                "bleu": 0.26341078970792897,
                "precisions": [
                    0.4353099730458221,
                    0.3157894736842105,
                    0.22702702702702704,
                    0.15426251691474965
                ],
                "brevity_penalty": 1.0,
                "length_ratio": 1.855,
                "translation_length": 742,
                "reference_length": 400
            },
            "bert": {
                "precision": 0.7512125670909882,
                "recall": 0.7877007126808167,
                "f1": 0.7684831619262695
            }
        },
        "meta-llama-3.1-8b-instruct": {
            "rouge1": 0.3854660347551343,
            "rouge2": 0.13946117274167985,
            "rougeL": 0.27488151658767773,
            "rougeLsum": 0.27488151658767773,
            "bleu": {
                "bleu": 0.1893367300448006,
                "precisions": [
                    0.3064327485380117,
                    0.22833723653395785,
                    0.16647127784290738,
                    0.11032863849765258
                ],
                "brevity_penalty": 1.0,
                "length_ratio": 2.1375,
                "translation_length": 855,
                "reference_length": 400
            },
            "bert": {
                "precision": 0.7163274586200714,
                "recall": 0.7328742444515228,
                "f1": 0.7243620157241821
            }
        }
    },
    "gpt-4o": {
        "gpt-4-turbo": {
            "rouge1": 0.5134228187919463,
            "rouge2": 0.2525252525252525,
            "rougeL": 0.33557046979865773,
            "rougeLsum": 0.33557046979865773,
            "bleu": {
                "bleu": 0.20816596768305362,
                "precisions": [
                    0.8075,
                    0.5864661654135338,
                    0.4221105527638191,
                    0.2871536523929471
                ],
                "brevity_penalty": 0.425283191082274,
                "length_ratio": 0.5390835579514824,
                "translation_length": 400,
                "reference_length": 742
            },
            "bert": {
                "precision": 0.7877007126808167,
                "recall": 0.7512125670909882,
                "f1": 0.7684831619262695
            }
        },
        "meta-llama-3.1-8b-instruct": {
            "rouge1": 0.49432534678436313,
            "rouge2": 0.16940581542351454,
            "rougeL": 0.2976040353089533,
            "rougeLsum": 0.2976040353089533,
            "bleu": {
                "bleu": 0.26174976905433833,
                "precisions": [
                    0.5321637426900585,
                    0.3360655737704918,
                    0.205158264947245,
                    0.12793427230046947
                ],
                "brevity_penalty": 1.0,
                "length_ratio": 1.1522911051212938,
                "translation_length": 855,
                "reference_length": 742
            },
            "bert": {
                "precision": 0.7587122519810995,
                "recall": 0.7717028657595316,
                "f1": 0.7647683421770731
            }
        }
    },
    "meta-llama-3.1-8b-instruct": {
        "gpt-4-turbo": {
            "rouge1": 0.3854660347551343,
            "rouge2": 0.13946117274167985,
            "rougeL": 0.27488151658767773,
            "rougeLsum": 0.27488151658767773,
            "bleu": {
                "bleu": 0.13001738756851225,
                "precisions": [
                    0.655,
                    0.48872180451127817,
                    0.35678391959798994,
                    0.2367758186397985
                ],
                "brevity_penalty": 0.3206195696386706,
                "length_ratio": 0.4678362573099415,
                "translation_length": 400,
                "reference_length": 855
            },
            "bert": {
                "precision": 0.7328742444515228,
                "recall": 0.7163274586200714,
                "f1": 0.7243620157241821
            }
        },
        "gpt-4o": {
            "rouge1": 0.49432534678436313,
            "rouge2": 0.16940581542351454,
            "rougeL": 0.2976040353089533,
            "rougeLsum": 0.2976040353089533,
            "bleu": {
                "bleu": 0.25907511855375714,
                "precisions": [
                    0.6132075471698113,
                    0.3873144399460189,
                    0.23648648648648649,
                    0.14749661705006767
                ],
                "brevity_penalty": 0.8587382612462117,
                "length_ratio": 0.8678362573099415,
                "translation_length": 742,
                "reference_length": 855
            },
            "bert": {
                "precision": 0.7717028657595316,
                "recall": 0.7587122718493143,
                "f1": 0.7647683620452881
            }
        }
    }
}
