Reference,Comparison,rouge1,rouge2,rougeL,rougeLsum,bleu_bleu,bleu_precisions,bleu_brevity_penalty,bleu_length_ratio,bleu_translation_length,bleu_reference_length,bert_precision,bert_recall,bert_f1
gpt-4-turbo,gpt-4o,0.513422819,0.252525253,0.33557047,0.33557047,0.26341079,"[0.4353099730458221, 0.3157894736842105, 0.22702702702702704, 0.15426251691474965]",1,1.855,742,400,0.751212567,0.787700713,0.768483162
,meta-llama-3.1-8b-instruct,0.385466035,0.139461173,0.274881517,0.274881517,0.18933673,"[0.3064327485380117, 0.22833723653395785, 0.16647127784290738, 0.11032863849765258]",1,2.1375,855,400,0.716327459,0.732874244,0.724362016
gpt-4o,gpt-4-turbo,0.513422819,0.252525253,0.33557047,0.33557047,0.208165968,"[0.8075, 0.5864661654135338, 0.4221105527638191, 0.2871536523929471]",0.425283191,0.539083558,400,742,0.787700713,0.751212567,0.768483162
,meta-llama-3.1-8b-instruct,0.494325347,0.169405815,0.297604035,0.297604035,0.261749769,"[0.5321637426900585, 0.3360655737704918, 0.205158264947245, 0.12793427230046947]",1,1.152291105,855,742,0.758712252,0.771702866,0.764768342
meta-llama-3.1-8b-instruct,gpt-4-turbo,0.385466035,0.139461173,0.274881517,0.274881517,0.130017388,"[0.655, 0.48872180451127817, 0.35678391959798994, 0.2367758186397985]",0.32061957,0.467836257,400,855,0.732874244,0.716327459,0.724362016
,gpt-4o,0.494325347,0.169405815,0.297604035,0.297604035,0.259075119,"[0.6132075471698113, 0.3873144399460189, 0.23648648648648649, 0.14749661705006767]",0.858738261,0.867836257,742,855,0.771702866,0.758712272,0.764768362
