Reference,Comparison,rouge1,rouge2,rougeL,rougeLsum,bleu_bleu,bleu_precisions,bleu_brevity_penalty,bleu_length_ratio,bleu_translation_length,bleu_reference_length,bert_precision,bert_recall,bert_f1
gpt-4-turbo,gpt-4o,0.6592865928659287,0.49321824907521583,0.5510455104551046,0.5510455104551046,0.4761362555931368,"[0.5879781420765028, 0.5010940919037199, 0.44687842278203727, 0.39035087719298245]",1.0,1.5149006622516556,915,604,0.7710691094398499,0.7806812822818756,0.7757036089897156
gpt-4-turbo,meta-llama-3.1-8b-instruct,0.6892655367231638,0.45042492917847027,0.48870056497175146,0.48870056497175146,0.5648384687796044,"[0.733044733044733, 0.5939306358381503, 0.5137481910274964, 0.45507246376811594]",1.0,1.1473509933774835,693,604,0.8206386566162109,0.8354840874671936,0.8279716670513153
gpt-4o,gpt-4-turbo,0.6592865928659287,0.49321824907521583,0.5510455104551046,0.5510455104551046,0.4313846215249982,"[0.890728476821192, 0.7595356550580431, 0.6777408637873754, 0.5923460898502496]",0.5975599519301035,0.6601092896174864,604,915,0.7806812524795532,0.7710691392421722,0.7757036089897156
gpt-4o,meta-llama-3.1-8b-instruct,0.5720876585928489,0.31445086705202313,0.3460207612456747,0.3460207612456747,0.3710148052369753,"[0.7864357864357865, 0.5722543352601156, 0.4341534008683068, 0.3492753623188406]",0.7258976004290173,0.7573770491803279,693,915,0.7687937617301941,0.7581619918346405,0.763356477022171
meta-llama-3.1-8b-instruct,gpt-4-turbo,0.6892655367231638,0.45042492917847027,0.48870056497175146,0.48870056497175146,0.5594558983622415,"[0.8410596026490066, 0.681592039800995, 0.5897009966777409, 0.5224625623960066]",0.8629910201185378,0.8715728715728716,604,693,0.8354840874671936,0.8206386566162109,0.8279716670513153
meta-llama-3.1-8b-instruct,gpt-4o,0.5720876585928489,0.31445086705202313,0.3460207612456747,0.3460207612456747,0.386900481281487,"[0.5956284153005464, 0.43326039387308535, 0.32858707557502737, 0.2642543859649123]",1.0,1.3203463203463204,915,693,0.7581619918346405,0.7687937617301941,0.763356477022171
