{
    "gpt-4-turbo": {
        "gpt-4o": {
            "rouge1": 0.5686274509803921,
            "rouge2": 0.28852459016393445,
            "rougeL": 0.3758169934640523,
            "rougeLsum": 0.3758169934640523,
            "bleu": {
                "bleu": 0.36083269352382524,
                "precisions": [
                    0.5421348314606742,
                    0.4177215189873418,
                    0.31971830985915495,
                    0.23413258110014104
                ],
                "brevity_penalty": 1.0,
                "length_ratio": 1.4710743801652892,
                "translation_length": 712,
                "reference_length": 484
            },
            "bert": {
                "precision": 0.7728744745254517,
                "recall": 0.7800735831260681,
                "f1": 0.7764475047588348
            }
        },
        "meta-llama-3.1-8b-instruct": {
            "rouge1": 0.4578833693304536,
            "rouge2": 0.21258134490238614,
            "rougeL": 0.3542116630669547,
            "rougeLsum": 0.3542116630669547,
            "bleu": {
                "bleu": 0.27050368864923235,
                "precisions": [
                    0.5982905982905983,
                    0.3490364025695932,
                    0.21030042918454936,
                    0.13978494623655913
                ],
                "brevity_penalty": 0.9663897732358487,
                "length_ratio": 0.9669421487603306,
                "translation_length": 468,
                "reference_length": 484
            },
            "bert": {
                "precision": 0.7655981779098511,
                "recall": 0.7328317165374756,
                "f1": 0.748503714799881
            }
        }
    },
    "gpt-4o": {
        "gpt-4-turbo": {
            "rouge1": 0.5686274509803921,
            "rouge2": 0.28852459016393445,
            "rougeL": 0.3758169934640523,
            "rougeLsum": 0.3758169934640523,
            "bleu": {
                "bleu": 0.33173268907300024,
                "precisions": [
                    0.7975206611570248,
                    0.6149068322981367,
                    0.470954356846473,
                    0.34511434511434513
                ],
                "brevity_penalty": 0.6243311388310393,
                "length_ratio": 0.6797752808988764,
                "translation_length": 484,
                "reference_length": 712
            },
            "bert": {
                "precision": 0.7800735831260681,
                "recall": 0.7728744745254517,
                "f1": 0.7764475047588348
            }
        },
        "meta-llama-3.1-8b-instruct": {
            "rouge1": 0.41530054644808745,
            "rouge2": 0.14990859232175502,
            "rougeL": 0.27322404371584696,
            "rougeLsum": 0.27322404371584696,
            "bleu": {
                "bleu": 0.17667573209262372,
                "precisions": [
                    0.6581196581196581,
                    0.4004282655246253,
                    0.22317596566523606,
                    0.13333333333333333
                ],
                "brevity_penalty": 0.5937080840748999,
                "length_ratio": 0.6573033707865169,
                "translation_length": 468,
                "reference_length": 712
            },
            "bert": {
                "precision": 0.7728801369667053,
                "recall": 0.7288872301578522,
                "f1": 0.7497011125087738
            }
        }
    },
    "meta-llama-3.1-8b-instruct": {
        "gpt-4-turbo": {
            "rouge1": 0.4578833693304536,
            "rouge2": 0.21258134490238614,
            "rougeL": 0.3542116630669547,
            "rougeLsum": 0.3542116630669547,
            "bleu": {
                "bleu": 0.27062948760307814,
                "precisions": [
                    0.5785123966942148,
                    0.33747412008281574,
                    0.2033195020746888,
                    0.13513513513513514
                ],
                "brevity_penalty": 1.0,
                "length_ratio": 1.0341880341880343,
                "translation_length": 484,
                "reference_length": 468
            },
            "bert": {
                "precision": 0.7328317165374756,
                "recall": 0.7655981779098511,
                "f1": 0.748503714799881
            }
        },
        "gpt-4o": {
            "rouge1": 0.41530054644808745,
            "rouge2": 0.14990859232175502,
            "rougeL": 0.27322404371584696,
            "rougeLsum": 0.27322404371584696,
            "bleu": {
                "bleu": 0.19538480842257552,
                "precisions": [
                    0.43258426966292135,
                    0.2630098452883263,
                    0.14647887323943662,
                    0.08744710860366714
                ],
                "brevity_penalty": 1.0,
                "length_ratio": 1.5213675213675213,
                "translation_length": 712,
                "reference_length": 468
            },
            "bert": {
                "precision": 0.7288872003555298,
                "recall": 0.7728801667690277,
                "f1": 0.749701052904129
            }
        }
    }
}
