Reference,Comparison,rouge1,rouge2,rougeL,rougeLsum,bleu_bleu,bleu_precisions,bleu_brevity_penalty,bleu_length_ratio,bleu_translation_length,bleu_reference_length,bert_precision,bert_recall,bert_f1
gpt-4-turbo,gpt-4o,0.469503546,0.231534091,0.272340426,0.272340426,0.208123501,"[0.37037037037037035, 0.24686431014823262, 0.1728465487735311, 0.1187214611872146]",1,2.045454545,1755,858,0.766974847,0.755258282,0.761037091
,meta-llama-3.1-8b-instruct,0.541567696,0.230952381,0.320665083,0.320665083,0.285927685,"[0.6548797736916548, 0.43342776203966005, 0.2822695035460993, 0.19602272727272727]",0.807688754,0.824009324,707,858,0.812005202,0.720380326,0.763111254
gpt-4o,gpt-4-turbo,0.469503546,0.231534091,0.272340426,0.272340426,0.149783739,"[0.7575757575757576, 0.5052508751458576, 0.35397196261682246, 0.2432748538011696]",0.351531996,0.488888889,858,1755,0.755258262,0.766974847,0.761037091
,meta-llama-3.1-8b-instruct,0.387850467,0.180967239,0.252336449,0.252336449,0.089091964,"[0.7609618104667609, 0.5084985835694051, 0.3191489361702128, 0.19176136363636365]",0.227110258,0.402849003,707,1755,0.788025479,0.716240327,0.749952137
meta-llama-3.1-8b-instruct,gpt-4-turbo,0.541567696,0.230952381,0.320665083,0.320665083,0.291596057,"[0.5396270396270396, 0.3570595099183197, 0.2324766355140187, 0.16140350877192983]",1,1.213578501,858,707,0.720380326,0.812005222,0.763111234
,gpt-4o,0.387850467,0.180967239,0.252336449,0.252336449,0.157831095,"[0.30655270655270656, 0.20467502850627137, 0.12835139760410724, 0.07705479452054795]",1,2.482319661,1755,707,0.716240327,0.788025498,0.749952137
