Reference,Comparison,rouge1,rouge2,rougeL,rougeLsum,bleu_bleu,bleu_precisions,bleu_brevity_penalty,bleu_length_ratio,bleu_translation_length,bleu_reference_length,bert_precision,bert_recall,bert_f1
gpt-4-turbo,gpt-4o,0.220913108,0.106351551,0.182621502,0.182621502,0.098528629,"[0.15935114503816794, 0.11174785100286533, 0.08508604206500955, 0.06220095693779904]",1,4.851851852,1048,216,0.774627805,0.805247843,0.789641082
,meta-llama-3.1-8b-instruct,0.208053691,0.077441077,0.140939597,0.140939597,0.085344333,"[0.15392254220456802, 0.10139165009940358, 0.06965174129353234, 0.04880478087649402]",1,4.662037037,1007,216,0.757997334,0.749379516,0.753663778
gpt-4o,gpt-4-turbo,0.220913108,0.106351551,0.182621502,0.182621502,0.010210383,"[0.7731481481481481, 0.5441860465116279, 0.4158878504672897, 0.3051643192488263]",0.021240366,0.20610687,216,1048,0.805247843,0.774627805,0.789641082
,meta-llama-3.1-8b-instruct,0.425409047,0.12536162,0.240615977,0.240615977,0.225478119,"[0.5819265143992055, 0.33399602385685884, 0.16716417910447762, 0.09362549800796813]",0.960102725,0.960877863,1007,1048,0.750450939,0.752357036,0.750490487
meta-llama-3.1-8b-instruct,gpt-4-turbo,0.208053691,0.077441077,0.140939597,0.140939597,0.010273836,"[0.7175925925925926, 0.4744186046511628, 0.32710280373831774, 0.2300469483568075]",0.025680148,0.21449851,216,1007,0.749379516,0.757997394,0.753663838
,gpt-4o,0.425409047,0.12536162,0.240615977,0.240615977,0.225646978,"[0.5591603053435115, 0.3209169054441261, 0.16061185468451242, 0.08995215311004785]",1,1.040714995,1048,1007,0.752357051,0.750450939,0.750490487
