Reference,Comparison,rouge1,rouge2,rougeL,rougeLsum,bleu_bleu,bleu_precisions,bleu_brevity_penalty,bleu_length_ratio,bleu_translation_length,bleu_reference_length,bert_precision,bert_recall,bert_f1
gpt-4-turbo,gpt-4o,0.6276595744680851,0.4140030441400304,0.3890577507598784,0.3890577507598784,0.4077408158583729,"[0.5421768707482993, 0.4411164057181756, 0.3726158038147139, 0.3101567825494206]",1.0,1.6333333333333333,1470,900,0.7487295269966125,0.7673783500989279,0.7578022877375284
gpt-4-turbo,meta-llama-3.1-8b-instruct,0.5322175732217574,0.23470243084660522,0.2912133891213389,0.2912133891213389,0.308445024212522,"[0.5119225037257824, 0.35197613721103654, 0.25970149253731345, 0.19342793129200897]",1.0,1.491111111111111,1342,900,0.7432117660840353,0.7636592785517374,0.7532804012298584
gpt-4o,gpt-4-turbo,0.6276595744680851,0.4140030441400304,0.3890577507598784,0.3890577507598784,0.3537423816445573,"[0.8855555555555555, 0.7208008898776418, 0.60913140311804, 0.5072463768115942]",0.530819450562014,0.6122448979591837,900,1470,0.7673783500989279,0.7487295269966125,0.7578022877375284
gpt-4o,meta-llama-3.1-8b-instruct,0.5721889554224883,0.2305129913391073,0.2594810379241517,0.2594810379241517,0.32946675105058315,"[0.7585692995529061, 0.47576435495898584, 0.2783582089552239, 0.1717699775952203]",0.9090274113068365,0.9129251700680272,1342,1470,0.7516695618629455,0.7223128080368042,0.7361306309700012
meta-llama-3.1-8b-instruct,gpt-4-turbo,0.5322175732217574,0.23470243084660522,0.2912133891213389,0.2912133891213389,0.28160466512797955,"[0.7633333333333333, 0.525027808676307, 0.38752783964365256, 0.2887402452619844]",0.6119460762152967,0.6706408345752608,900,1342,0.7636592785517374,0.7432117660840353,0.7532804012298584
meta-llama-3.1-8b-instruct,gpt-4o,0.5721889554224883,0.2305129913391073,0.2594810379241517,0.2594810379241517,0.33084719439185634,"[0.6925170068027211, 0.4343090537780803, 0.25408719346049047, 0.15678254942058623]",1.0,1.0953800298062593,1470,1342,0.7223128080368042,0.7516695618629455,0.7361306309700012
