Reference,Comparison,rouge1,rouge2,rougeL,rougeLsum,bleu_bleu,bleu_precisions,bleu_brevity_penalty,bleu_length_ratio,bleu_translation_length,bleu_reference_length,bert_precision,bert_recall,bert_f1
gpt-4-turbo,gpt-4o,0.6666666666666667,0.44189383070301286,0.5178826895565093,0.5178826895565093,0.4556078874754219,"[0.6210670314637483, 0.49726027397260275, 0.41289437585733885, 0.33791208791208793]",1.0,1.3638059701492538,731,536,0.8121606707572937,0.8474709391593933,0.8292967081069946
gpt-4-turbo,meta-llama-3.1-8b-instruct,0.6182495344506517,0.28037383177570097,0.42458100558659223,0.42458100558659223,0.37442440622849893,"[0.7648514851485149, 0.5508684863523573, 0.4577114427860697, 0.3765586034912718]",0.7212765337555238,0.753731343283582,404,536,0.8372842967510223,0.7809597849845886,0.8067293167114258
gpt-4o,gpt-4-turbo,0.6666666666666667,0.44189383070301286,0.5178826895565093,0.5178826895565093,0.43218564265549975,"[0.8470149253731343, 0.6785046728971963, 0.5636704119850188, 0.46153846153846156]",0.6950260374590445,0.7332421340629275,536,731,0.8474709391593933,0.8121606707572937,0.8292967081069946
gpt-4o,meta-llama-3.1-8b-instruct,0.5096153846153846,0.21543408360128616,0.3076923076923077,0.3076923076923077,0.19871720053024092,"[0.7772277227722773, 0.5384615384615384, 0.3805970149253731, 0.24937655860349128]",0.44512241685370457,0.5526675786593708,404,731,0.7844697833061218,0.7263562083244324,0.753419041633606
meta-llama-3.1-8b-instruct,gpt-4-turbo,0.6182495344506517,0.28037383177570097,0.42458100558659223,0.42458100558659223,0.39091271489713825,"[0.5764925373134329, 0.41495327102803736, 0.3445692883895131, 0.28330206378986866]",1.0,1.3267326732673268,536,404,0.7809597849845886,0.8372842967510223,0.8067293167114258
meta-llama-3.1-8b-instruct,gpt-4o,0.5096153846153846,0.21543408360128616,0.3076923076923077,0.3076923076923077,0.24631758448678723,"[0.42954856361149113, 0.29726027397260274, 0.20987654320987653, 0.13736263736263737]",1.0,1.8094059405940595,731,404,0.7263562083244324,0.7844697833061218,0.753419041633606
