{
    "gpt-4-turbo": {
        "gpt-4o": {
            "rouge1": 0.6666666666666667,
            "rouge2": 0.44189383070301286,
            "rougeL": 0.5178826895565093,
            "rougeLsum": 0.5178826895565093,
            "bleu": {
                "bleu": 0.4556078874754219,
                "precisions": [
                    0.6210670314637483,
                    0.49726027397260275,
                    0.41289437585733885,
                    0.33791208791208793
                ],
                "brevity_penalty": 1.0,
                "length_ratio": 1.3638059701492538,
                "translation_length": 731,
                "reference_length": 536
            },
            "bert": {
                "precision": 0.8121606707572937,
                "recall": 0.8474709391593933,
                "f1": 0.8292967081069946
            }
        },
        "meta-llama-3.1-8b-instruct": {
            "rouge1": 0.6182495344506517,
            "rouge2": 0.28037383177570097,
            "rougeL": 0.42458100558659223,
            "rougeLsum": 0.42458100558659223,
            "bleu": {
                "bleu": 0.37442440622849893,
                "precisions": [
                    0.7648514851485149,
                    0.5508684863523573,
                    0.4577114427860697,
                    0.3765586034912718
                ],
                "brevity_penalty": 0.7212765337555238,
                "length_ratio": 0.753731343283582,
                "translation_length": 404,
                "reference_length": 536
            },
            "bert": {
                "precision": 0.8372842967510223,
                "recall": 0.7809597849845886,
                "f1": 0.8067293167114258
            }
        }
    },
    "gpt-4o": {
        "gpt-4-turbo": {
            "rouge1": 0.6666666666666667,
            "rouge2": 0.44189383070301286,
            "rougeL": 0.5178826895565093,
            "rougeLsum": 0.5178826895565093,
            "bleu": {
                "bleu": 0.43218564265549975,
                "precisions": [
                    0.8470149253731343,
                    0.6785046728971963,
                    0.5636704119850188,
                    0.46153846153846156
                ],
                "brevity_penalty": 0.6950260374590445,
                "length_ratio": 0.7332421340629275,
                "translation_length": 536,
                "reference_length": 731
            },
            "bert": {
                "precision": 0.8474709391593933,
                "recall": 0.8121606707572937,
                "f1": 0.8292967081069946
            }
        },
        "meta-llama-3.1-8b-instruct": {
            "rouge1": 0.5096153846153846,
            "rouge2": 0.21543408360128616,
            "rougeL": 0.3076923076923077,
            "rougeLsum": 0.3076923076923077,
            "bleu": {
                "bleu": 0.19871720053024092,
                "precisions": [
                    0.7772277227722773,
                    0.5384615384615384,
                    0.3805970149253731,
                    0.24937655860349128
                ],
                "brevity_penalty": 0.44512241685370457,
                "length_ratio": 0.5526675786593708,
                "translation_length": 404,
                "reference_length": 731
            },
            "bert": {
                "precision": 0.7844697833061218,
                "recall": 0.7263562083244324,
                "f1": 0.753419041633606
            }
        }
    },
    "meta-llama-3.1-8b-instruct": {
        "gpt-4-turbo": {
            "rouge1": 0.6182495344506517,
            "rouge2": 0.28037383177570097,
            "rougeL": 0.42458100558659223,
            "rougeLsum": 0.42458100558659223,
            "bleu": {
                "bleu": 0.39091271489713825,
                "precisions": [
                    0.5764925373134329,
                    0.41495327102803736,
                    0.3445692883895131,
                    0.28330206378986866
                ],
                "brevity_penalty": 1.0,
                "length_ratio": 1.3267326732673268,
                "translation_length": 536,
                "reference_length": 404
            },
            "bert": {
                "precision": 0.7809597849845886,
                "recall": 0.8372842967510223,
                "f1": 0.8067293167114258
            }
        },
        "gpt-4o": {
            "rouge1": 0.5096153846153846,
            "rouge2": 0.21543408360128616,
            "rougeL": 0.3076923076923077,
            "rougeLsum": 0.3076923076923077,
            "bleu": {
                "bleu": 0.24631758448678723,
                "precisions": [
                    0.42954856361149113,
                    0.29726027397260274,
                    0.20987654320987653,
                    0.13736263736263737
                ],
                "brevity_penalty": 1.0,
                "length_ratio": 1.8094059405940595,
                "translation_length": 731,
                "reference_length": 404
            },
            "bert": {
                "precision": 0.7263562083244324,
                "recall": 0.7844697833061218,
                "f1": 0.753419041633606
            }
        }
    }
}