Reference,Comparison,rouge1,rouge2,rougeL,rougeLsum,bleu_bleu,bleu_precisions,bleu_brevity_penalty,bleu_length_ratio,bleu_translation_length,bleu_reference_length,bert_precision,bert_recall,bert_f1
gpt-4-turbo,gpt-4o,0.6135389888603257,0.47038626609442064,0.5072836332476436,0.5072836332476436,0.41548301342177146,"[0.4912891986062718, 0.4309623430962343, 0.3928820655966504, 0.35824022346368717]",1.0,1.8709256844850066,1435,767,0.746963620185852,0.7841647466023763,0.7648356954256693
gpt-4-turbo,meta-llama-3.1-8b-instruct,0.5872340425531914,0.3070362473347548,0.3914893617021276,0.3914893617021276,0.4188663932791064,"[0.6248736097067745, 0.45951417004048584, 0.3657548125633232, 0.29310344827586204]",1.0,1.2894393741851369,989,767,0.7667935490608215,0.7831571102142334,0.7748284538586935
gpt-4o,gpt-4-turbo,0.6135389888603257,0.47038626609442064,0.5072836332476436,0.5072836332476436,0.3256626010668817,"[0.9191655801825294, 0.8067885117493473, 0.7359477124183007, 0.6714659685863874]",0.418563911741224,0.5344947735191637,767,1435,0.7841647664705912,0.746963640054067,0.7648356954256693
gpt-4o,meta-llama-3.1-8b-instruct,0.5771916214119472,0.26884226884226886,0.3366951124903025,0.3366951124903025,0.32074163734457045,"[0.8099089989888777, 0.5809716599190283, 0.4275582573454914, 0.31947261663286003]",0.6370159616245659,0.689198606271777,989,1435,0.8040013710657755,0.7805273731549581,0.7920020421346029
meta-llama-3.1-8b-instruct,gpt-4-turbo,0.5872340425531914,0.3070362473347548,0.3914893617021276,0.3914893617021276,0.40454392916759974,"[0.8057366362451108, 0.5926892950391645, 0.4718954248366013, 0.3782722513089005]",0.7486831810629567,0.775530839231547,767,989,0.7831571102142334,0.7667935490608215,0.7748284538586935
meta-llama-3.1-8b-instruct,gpt-4o,0.5771916214119472,0.26884226884226886,0.3366951124903025,0.3366951124903025,0.34685206793894324,"[0.5581881533101045, 0.400278940027894, 0.2944870900209351, 0.21997206703910616]",1.0,1.4509605662285137,1435,989,0.7805273731549581,0.8040013710657755,0.7920020421346029
