Reference,Comparison,rouge1,rouge2,rougeL,rougeLsum,bleu_bleu,bleu_precisions,bleu_brevity_penalty,bleu_length_ratio,bleu_translation_length,bleu_reference_length,bert_precision,bert_recall,bert_f1
gpt-4-turbo,gpt-4o,0.266460108,0.14496124,0.144848954,0.144848954,0.094657063,"[0.15942028985507245, 0.11197200699825044, 0.08175, 0.05501375343835959]",1,5.177231565,4002,773,0.718221645,0.716142158,0.716686249
,meta-llama-3.1-8b-instruct,0.296819788,0.073199528,0.17196702,0.17196702,0.195474184,"[0.4143763213530655, 0.26455026455026454, 0.16101694915254236, 0.08271474019088017]",1,1.223803364,946,773,0.695011993,0.658638696,0.67596821
gpt-4o,gpt-4-turbo,0.266460108,0.14496124,0.144848954,0.144848954,0.007529796,"[0.8253557567917206, 0.5803108808290155, 0.42412451361867703, 0.2857142857142857]",0.015340919,0.193153423,773,4002,0.716142178,0.718221645,0.716686269
,meta-llama-3.1-8b-instruct,0.217097416,0.064464783,0.119284294,0.119284294,0.015412454,"[0.781183932346723, 0.4846560846560847, 0.3125, 0.1951219512195122]",0.03953994,0.236381809,946,4002,0.719360664,0.669255465,0.692195415
meta-llama-3.1-8b-instruct,gpt-4-turbo,0.296819788,0.073199528,0.17196702,0.17196702,0.191319407,"[0.5071151358344114, 0.3238341968911917, 0.19714656290531776, 0.1012987012987013]",0.799472324,0.817124736,773,946,0.658638696,0.695011993,0.67596821
,gpt-4o,0.217097416,0.064464783,0.119284294,0.119284294,0.092028678,"[0.18465767116441778, 0.11447138215446138, 0.07375, 0.04601150287571893]",1,4.230443975,4002,946,0.669255458,0.719360664,0.692195401
