Reference,Comparison,rouge1,rouge2,rougeL,rougeLsum,bleu_bleu,bleu_precisions,bleu_brevity_penalty,bleu_length_ratio,bleu_translation_length,bleu_reference_length,bert_precision,bert_recall,bert_f1
gpt-4-turbo,gpt-4o,0.4891548242333582,0.253183520599251,0.23335826477187738,0.23335826477187738,0.23946662030813748,"[0.36164067013287116, 0.2699421965317919, 0.21399652978600348, 0.1574074074074074]",1.0,2.2627450980392156,1731,765,0.7141449054082235,0.7383435765902201,0.724470853805542
gpt-4-turbo,meta-llama-3.1-8b-instruct,0.4540682414698162,0.20526315789473684,0.2729658792650919,0.2729658792650919,0.27301616149038777,"[0.5306372549019608, 0.3226993865030675, 0.21621621621621623, 0.15006150061500614]",1.0,1.0666666666666667,816,765,0.6896885633468628,0.7180351614952087,0.7027629017829895
gpt-4o,gpt-4-turbo,0.4891548242333582,0.253183520599251,0.23335826477187738,0.23335826477187738,0.1534453233083987,"[0.8183006535947712, 0.6112565445026178, 0.4849279161205767, 0.3569553805774278]",0.2828764361569713,0.44194107452339687,765,1731,0.7383435765902201,0.7141449054082235,0.724470853805542
gpt-4o,meta-llama-3.1-8b-instruct,0.34448979591836737,0.11283728536385935,0.19591836734693877,0.19591836734693877,0.113084656741942,"[0.7487745098039216, 0.4601226993865031, 0.26535626535626533, 0.15867158671586715]",0.32584823936942425,0.4714038128249567,816,1731,0.7619673808415731,0.7476319074630737,0.7547177672386169
meta-llama-3.1-8b-instruct,gpt-4-turbo,0.4540682414698162,0.20526315789473684,0.2729658792650919,0.2729658792650919,0.2724692489409426,"[0.5660130718954248, 0.34424083769633507, 0.2306684141546527, 0.16010498687664043]",0.9355069850316178,0.9375,765,816,0.7180351614952087,0.6896885633468628,0.7027629017829895
meta-llama-3.1-8b-instruct,gpt-4o,0.34448979591836737,0.11283728536385935,0.19591836734693877,0.19591836734693877,0.16344005856724717,"[0.35297515886770653, 0.21676300578034682, 0.1249277038750723, 0.07465277777777778]",1.0,2.1213235294117645,1731,816,0.7476319074630737,0.7619673609733582,0.754717747370402
