{
    "gpt-4-turbo": {
        "gpt-4o": {
            "rouge1": 0.4891548242333582,
            "rouge2": 0.253183520599251,
            "rougeL": 0.23335826477187738,
            "rougeLsum": 0.23335826477187738,
            "bleu": {
                "bleu": 0.23946662030813748,
                "precisions": [
                    0.36164067013287116,
                    0.2699421965317919,
                    0.21399652978600348,
                    0.1574074074074074
                ],
                "brevity_penalty": 1.0,
                "length_ratio": 2.2627450980392156,
                "translation_length": 1731,
                "reference_length": 765
            },
            "bert": {
                "precision": 0.7141449054082235,
                "recall": 0.7383435765902201,
                "f1": 0.724470853805542
            }
        },
        "meta-llama-3.1-8b-instruct": {
            "rouge1": 0.4540682414698162,
            "rouge2": 0.20526315789473684,
            "rougeL": 0.2729658792650919,
            "rougeLsum": 0.2729658792650919,
            "bleu": {
                "bleu": 0.27301616149038777,
                "precisions": [
                    0.5306372549019608,
                    0.3226993865030675,
                    0.21621621621621623,
                    0.15006150061500614
                ],
                "brevity_penalty": 1.0,
                "length_ratio": 1.0666666666666667,
                "translation_length": 816,
                "reference_length": 765
            },
            "bert": {
                "precision": 0.6896885633468628,
                "recall": 0.7180351614952087,
                "f1": 0.7027629017829895
            }
        }
    },
    "gpt-4o": {
        "gpt-4-turbo": {
            "rouge1": 0.4891548242333582,
            "rouge2": 0.253183520599251,
            "rougeL": 0.23335826477187738,
            "rougeLsum": 0.23335826477187738,
            "bleu": {
                "bleu": 0.1534453233083987,
                "precisions": [
                    0.8183006535947712,
                    0.6112565445026178,
                    0.4849279161205767,
                    0.3569553805774278
                ],
                "brevity_penalty": 0.2828764361569713,
                "length_ratio": 0.44194107452339687,
                "translation_length": 765,
                "reference_length": 1731
            },
            "bert": {
                "precision": 0.7383435765902201,
                "recall": 0.7141449054082235,
                "f1": 0.724470853805542
            }
        },
        "meta-llama-3.1-8b-instruct": {
            "rouge1": 0.34448979591836737,
            "rouge2": 0.11283728536385935,
            "rougeL": 0.19591836734693877,
            "rougeLsum": 0.19591836734693877,
            "bleu": {
                "bleu": 0.113084656741942,
                "precisions": [
                    0.7487745098039216,
                    0.4601226993865031,
                    0.26535626535626533,
                    0.15867158671586715
                ],
                "brevity_penalty": 0.32584823936942425,
                "length_ratio": 0.4714038128249567,
                "translation_length": 816,
                "reference_length": 1731
            },
            "bert": {
                "precision": 0.7619673808415731,
                "recall": 0.7476319074630737,
                "f1": 0.7547177672386169
            }
        }
    },
    "meta-llama-3.1-8b-instruct": {
        "gpt-4-turbo": {
            "rouge1": 0.4540682414698162,
            "rouge2": 0.20526315789473684,
            "rougeL": 0.2729658792650919,
            "rougeLsum": 0.2729658792650919,
            "bleu": {
                "bleu": 0.2724692489409426,
                "precisions": [
                    0.5660130718954248,
                    0.34424083769633507,
                    0.2306684141546527,
                    0.16010498687664043
                ],
                "brevity_penalty": 0.9355069850316178,
                "length_ratio": 0.9375,
                "translation_length": 765,
                "reference_length": 816
            },
            "bert": {
                "precision": 0.7180351614952087,
                "recall": 0.6896885633468628,
                "f1": 0.7027629017829895
            }
        },
        "gpt-4o": {
            "rouge1": 0.34448979591836737,
            "rouge2": 0.11283728536385935,
            "rougeL": 0.19591836734693877,
            "rougeLsum": 0.19591836734693877,
            "bleu": {
                "bleu": 0.16344005856724717,
                "precisions": [
                    0.35297515886770653,
                    0.21676300578034682,
                    0.1249277038750723,
                    0.07465277777777778
                ],
                "brevity_penalty": 1.0,
                "length_ratio": 2.1213235294117645,
                "translation_length": 1731,
                "reference_length": 816
            },
            "bert": {
                "precision": 0.7476319074630737,
                "recall": 0.7619673609733582,
                "f1": 0.754717747370402
            }
        }
    }
}
