Reference,Comparison,rouge1,rouge2,rougeL,rougeLsum,bleu_bleu,bleu_precisions,bleu_brevity_penalty,bleu_length_ratio,bleu_translation_length,bleu_reference_length,bert_precision,bert_recall,bert_f1
gpt-4-turbo,gpt-4o,0.590851334180432,0.44147582697201015,0.4447268106734435,0.4447268106734435,0.380632725469269,"[0.4610966057441253, 0.3960292580982236, 0.35912179822268686, 0.3200836820083682]",1.0,1.9560776302349336,1915,979,0.7876906593640646,0.8048631548881531,0.7959561149279276
gpt-4-turbo,meta-llama-3.1-8b-instruct,0.6162332545311269,0.35201262825572227,0.43183609141055945,0.43183609141055945,0.4149037939447559,"[0.5819250551065394, 0.44191176470588234, 0.37527593818984545, 0.3070692194403535]",1.0,1.390194075587334,1361,979,0.8005970120429993,0.7767429749170939,0.7883896032969157
gpt-4o,gpt-4-turbo,0.590851334180432,0.44147582697201015,0.4447268106734435,0.4447268106734435,0.2864170029702456,"[0.9019407558733401, 0.7750511247443763, 0.7031729785056294, 0.6270491803278688]",0.38439768270965446,0.5112271540469974,979,1915,0.8048631548881531,0.7876906593640646,0.7959561149279276
gpt-4o,meta-llama-3.1-8b-instruct,0.6028490028490029,0.29092983456930976,0.3521367521367521,0.3521367521367521,0.3309995963804722,"[0.8302718589272594, 0.5845588235294118, 0.41133186166298746, 0.30633284241531666]",0.6656084880805445,0.7107049608355092,1361,1915,0.7937865406274796,0.7642260044813156,0.7785349041223526
meta-llama-3.1-8b-instruct,gpt-4-turbo,0.6162332545311269,0.35201262825572227,0.43183609141055945,0.43183609141055945,0.39061674368707416,"[0.8089887640449438, 0.614519427402863, 0.5220061412487206, 0.42725409836065575]",0.6769254870375497,0.7193240264511389,979,1361,0.7767429749170939,0.8005970120429993,0.7883896032969157
meta-llama-3.1-8b-instruct,gpt-4o,0.6028490028490029,0.29092983456930976,0.3521367521367521,0.3521367521367521,0.3533127297666435,"[0.5900783289817232, 0.4153605015673981, 0.2922111866178777, 0.2175732217573222]",1.0,1.4070536370315945,1915,1361,0.7642260044813156,0.7937865406274796,0.7785349041223526
