Reference,Comparison,rouge1,rouge2,rougeL,rougeLsum,bleu_bleu,bleu_precisions,bleu_brevity_penalty,bleu_length_ratio,bleu_translation_length,bleu_reference_length,bert_precision,bert_recall,bert_f1
gpt-4-turbo,gpt-4o,0.573900505,0.284476534,0.288392213,0.288392213,0.392648908,"[0.6536994660564455, 0.4396946564885496, 0.3307868601986249, 0.25]",1,1.0925,1311,1200,0.779502377,0.746810764,0.762174606
,meta-llama-3.1-8b-instruct,0.406504065,0.149518875,0.23059867,0.23059867,0.266313585,"[0.49750415973377704, 0.3039134054954205, 0.21916666666666668, 0.1517931609674729]",1,1.001666667,1202,1200,0.710387394,0.696080133,0.702819437
gpt-4o,gpt-4-turbo,0.573900505,0.284476534,0.288392213,0.288392213,0.391110657,"[0.7141666666666666, 0.48040033361134277, 0.3614357262103506, 0.2731829573934837]",0.911649211,0.915331808,1200,1311,0.746810764,0.779502377,0.762174606
,meta-llama-3.1-8b-instruct,0.393665158,0.148036254,0.229260935,0.229260935,0.288180193,"[0.5690515806988353, 0.3671940049958368, 0.2633333333333333, 0.18015012510425354]",0.913307917,0.916857361,1202,1311,0.724523306,0.74228555,0.733230159
meta-llama-3.1-8b-instruct,gpt-4-turbo,0.406504065,0.149518875,0.23059867,0.23059867,0.26631377,"[0.49833333333333335, 0.30442035029190995, 0.21953255425709517, 0.15204678362573099]",0.998334721,0.998336106,1200,1202,0.696080163,0.710387394,0.702819437
,gpt-4o,0.393665158,0.148036254,0.229260935,0.229260935,0.289270094,"[0.5217391304347826, 0.3366412213740458, 0.24140565317035906, 0.1651376146788991]",1,1.090682196,1311,1202,0.74228555,0.724523306,0.733230159
