{
    "gpt-4-turbo": {
        "gpt-4o": {
            "rouge1": 0.5739005046863734,
            "rouge2": 0.28447653429602887,
            "rougeL": 0.2883922134102379,
            "rougeLsum": 0.2883922134102379,
            "bleu": {
                "bleu": 0.39264890813536657,
                "precisions": [
                    0.6536994660564455,
                    0.4396946564885496,
                    0.3307868601986249,
                    0.25
                ],
                "brevity_penalty": 1.0,
                "length_ratio": 1.0925,
                "translation_length": 1311,
                "reference_length": 1200
            },
            "bert": {
                "precision": 0.7795023769140244,
                "recall": 0.7468107640743256,
                "f1": 0.7621746063232422
            }
        },
        "meta-llama-3.1-8b-instruct": {
            "rouge1": 0.40650406504065034,
            "rouge2": 0.14951887490747592,
            "rougeL": 0.2305986696230599,
            "rougeLsum": 0.2305986696230599,
            "bleu": {
                "bleu": 0.2663135845396892,
                "precisions": [
                    0.49750415973377704,
                    0.3039134054954205,
                    0.21916666666666668,
                    0.1517931609674729
                ],
                "brevity_penalty": 1.0,
                "length_ratio": 1.0016666666666667,
                "translation_length": 1202,
                "reference_length": 1200
            },
            "bert": {
                "precision": 0.7103873938322067,
                "recall": 0.6960801333189011,
                "f1": 0.702819436788559
            }
        }
    },
    "gpt-4o": {
        "gpt-4-turbo": {
            "rouge1": 0.5739005046863734,
            "rouge2": 0.28447653429602887,
            "rougeL": 0.2883922134102379,
            "rougeLsum": 0.2883922134102379,
            "bleu": {
                "bleu": 0.3911106568418126,
                "precisions": [
                    0.7141666666666666,
                    0.48040033361134277,
                    0.3614357262103506,
                    0.2731829573934837
                ],
                "brevity_penalty": 0.9116492109644617,
                "length_ratio": 0.9153318077803204,
                "translation_length": 1200,
                "reference_length": 1311
            },
            "bert": {
                "precision": 0.7468107640743256,
                "recall": 0.7795023769140244,
                "f1": 0.7621746063232422
            }
        },
        "meta-llama-3.1-8b-instruct": {
            "rouge1": 0.39366515837104077,
            "rouge2": 0.14803625377643506,
            "rougeL": 0.22926093514328807,
            "rougeLsum": 0.22926093514328807,
            "bleu": {
                "bleu": 0.2881801928871078,
                "precisions": [
                    0.5690515806988353,
                    0.3671940049958368,
                    0.2633333333333333,
                    0.18015012510425354
                ],
                "brevity_penalty": 0.9133079173818497,
                "length_ratio": 0.9168573607932876,
                "translation_length": 1202,
                "reference_length": 1311
            },
            "bert": {
                "precision": 0.7245233058929443,
                "recall": 0.7422855496406555,
                "f1": 0.7332301586866379
            }
        }
    },
    "meta-llama-3.1-8b-instruct": {
        "gpt-4-turbo": {
            "rouge1": 0.40650406504065034,
            "rouge2": 0.14951887490747592,
            "rougeL": 0.2305986696230599,
            "rougeLsum": 0.2305986696230599,
            "bleu": {
                "bleu": 0.26631377004548124,
                "precisions": [
                    0.49833333333333335,
                    0.30442035029190995,
                    0.21953255425709517,
                    0.15204678362573099
                ],
                "brevity_penalty": 0.9983347214509386,
                "length_ratio": 0.9983361064891847,
                "translation_length": 1200,
                "reference_length": 1202
            },
            "bert": {
                "precision": 0.6960801631212234,
                "recall": 0.7103873938322067,
                "f1": 0.702819436788559
            }
        },
        "gpt-4o": {
            "rouge1": 0.39366515837104077,
            "rouge2": 0.14803625377643506,
            "rougeL": 0.22926093514328807,
            "rougeLsum": 0.22926093514328807,
            "bleu": {
                "bleu": 0.2892700940340372,
                "precisions": [
                    0.5217391304347826,
                    0.3366412213740458,
                    0.24140565317035906,
                    0.1651376146788991
                ],
                "brevity_penalty": 1.0,
                "length_ratio": 1.0906821963394342,
                "translation_length": 1311,
                "reference_length": 1202
            },
            "bert": {
                "precision": 0.7422855496406555,
                "recall": 0.7245233058929443,
                "f1": 0.7332301586866379
            }
        }
    }
}
