Reference,Comparison,rouge1,rouge2,rougeL,rougeLsum,bleu_bleu,bleu_precisions,bleu_brevity_penalty,bleu_length_ratio,bleu_translation_length,bleu_reference_length,bert_precision,bert_recall,bert_f1
gpt-4-turbo,gpt-4o,0.5602240896358543,0.2837078651685393,0.3865546218487395,0.3865546218487395,0.32361017831682104,"[0.5143929912390488, 0.37092731829573933, 0.27728983688833125, 0.20728643216080403]",1.0,1.4396396396396396,799,555,0.7737822234630585,0.7461093068122864,0.7595516741275787
gpt-4-turbo,meta-llama-3.1-8b-instruct,0.4176570458404074,0.1567291311754685,0.27164685908319186,0.27164685908319186,0.21892267368258092,"[0.45271317829457364, 0.2562111801242236, 0.16951788491446346, 0.11682242990654206]",1.0,1.162162162162162,645,555,0.7348472476005554,0.7015005350112915,0.7177851796150208
gpt-4o,gpt-4-turbo,0.5602240896358543,0.2837078651685393,0.3865546218487395,0.3865546218487395,0.3004018680248499,"[0.7405405405405405, 0.5342960288808665, 0.3996383363471971, 0.29891304347826086]",0.6442685481021041,0.6946182728410513,555,799,0.7461093068122864,0.7737822234630585,0.7595516741275787
gpt-4o,meta-llama-3.1-8b-instruct,0.4240601503759399,0.13574660633484165,0.25263157894736843,0.25263157894736843,0.22110304034163866,"[0.641860465116279, 0.37732919254658387, 0.208398133748056, 0.12305295950155763]",0.787604128842117,0.8072590738423029,645,799,0.7612356543540955,0.7563152015209198,0.7586588263511658
meta-llama-3.1-8b-instruct,gpt-4-turbo,0.4176570458404074,0.1567291311754685,0.27164685908319186,0.27164685908319186,0.21641919028486226,"[0.5261261261261261, 0.29783393501805056, 0.19710669077757687, 0.1358695652173913]",0.8503033063369505,0.8604651162790697,555,645,0.7015005350112915,0.7348472476005554,0.7177851796150208
meta-llama-3.1-8b-instruct,gpt-4o,0.4240601503759399,0.13574660633484165,0.25263157894736843,0.25263157894736843,0.22651885679491043,"[0.5181476846057572, 0.30451127819548873, 0.16813048933500627, 0.0992462311557789]",1.0,1.2387596899224806,799,645,0.7563152015209198,0.7612356543540955,0.7586588263511658
