{
    "gpt-4-turbo": {
        "gpt-4o": {
            "rouge1": 0.18319454958364875,
            "rouge2": 0.10303030303030304,
            "rougeL": 0.11203633610900833,
            "rougeLsum": 0.11203633610900833,
            "bleu": {
                "bleu": 0.06444479468618634,
                "precisions": [
                    0.10261660978384528,
                    0.07692307692307693,
                    0.05645344866833599,
                    0.038706739526411654
                ],
                "brevity_penalty": 1.0,
                "length_ratio": 8.33965844402277,
                "translation_length": 4395,
                "reference_length": 527
            },
            "bert": {
                "precision": 0.7650381028652191,
                "recall": 0.7712320387363434,
                "f1": 0.7680867314338684
            }
        },
        "meta-llama-3.1-8b-instruct": {
            "rouge1": 0.31065989847715736,
            "rouge2": 0.14038657171922686,
            "rougeL": 0.1847715736040609,
            "rougeLsum": 0.1847715736040609,
            "bleu": {
                "bleu": 0.11986748635132789,
                "precisions": [
                    0.22151450813871196,
                    0.14943342776203966,
                    0.09992912827781715,
                    0.062411347517730496
                ],
                "brevity_penalty": 1.0,
                "length_ratio": 2.681214421252372,
                "translation_length": 1413,
                "reference_length": 527
            },
            "bert": {
                "precision": 0.7365736961364746,
                "recall": 0.7262305319309235,
                "f1": 0.7312756478786469
            }
        }
    },
    "gpt-4o": {
        "gpt-4-turbo": {
            "rouge1": 0.18319454958364875,
            "rouge2": 0.10303030303030304,
            "rougeL": 0.11203633610900833,
            "rougeLsum": 0.11203633610900833,
            "bleu": {
                "bleu": 0.00034982719061171796,
                "precisions": [
                    0.855787476280835,
                    0.6425855513307985,
                    0.4723809523809524,
                    0.3244274809160305
                ],
                "brevity_penalty": 0.0006492722458926785,
                "length_ratio": 0.1199089874857793,
                "translation_length": 527,
                "reference_length": 4395
            },
            "bert": {
                "precision": 0.7712320387363434,
                "recall": 0.7650381028652191,
                "f1": 0.7680867314338684
            }
        },
        "meta-llama-3.1-8b-instruct": {
            "rouge1": 0.33851239669421485,
            "rouge2": 0.12173337743962952,
            "rougeL": 0.18380165289256195,
            "rougeLsum": 0.18380165289256195,
            "bleu": {
                "bleu": 0.03920310570647443,
                "precisions": [
                    0.7848549186128804,
                    0.4681303116147309,
                    0.23742026931254429,
                    0.125531914893617
                ],
                "brevity_penalty": 0.12118906926124011,
                "length_ratio": 0.32150170648464166,
                "translation_length": 1413,
                "reference_length": 4395
            },
            "bert": {
                "precision": 0.7785137057304382,
                "recall": 0.7521553993225097,
                "f1": 0.7648748636245728
            }
        }
    },
    "meta-llama-3.1-8b-instruct": {
        "gpt-4-turbo": {
            "rouge1": 0.31065989847715736,
            "rouge2": 0.14038657171922686,
            "rougeL": 0.1847715736040609,
            "rougeLsum": 0.1847715736040609,
            "bleu": {
                "bleu": 0.059933309631536785,
                "precisions": [
                    0.5939278937381404,
                    0.4011406844106464,
                    0.26857142857142857,
                    0.16793893129770993
                ],
                "brevity_penalty": 0.18614777690033976,
                "length_ratio": 0.372965322009908,
                "translation_length": 527,
                "reference_length": 1413
            },
            "bert": {
                "precision": 0.7262304723262787,
                "recall": 0.7365736663341522,
                "f1": 0.7312755882740021
            }
        },
        "gpt-4o": {
            "rouge1": 0.33851239669421485,
            "rouge2": 0.12173337743962952,
            "rougeL": 0.18380165289256195,
            "rougeLsum": 0.18380165289256195,
            "bleu": {
                "bleu": 0.10392670377979056,
                "precisions": [
                    0.25233219567690557,
                    0.15043240782885753,
                    0.07625768267698611,
                    0.040300546448087435
                ],
                "brevity_penalty": 1.0,
                "length_ratio": 3.110403397027601,
                "translation_length": 4395,
                "reference_length": 1413
            },
            "bert": {
                "precision": 0.7521553874015808,
                "recall": 0.7785137176513672,
                "f1": 0.7648748636245728
            }
        }
    }
}