{
    "gpt-4-turbo": {
        "gpt-4o": {
            "rouge1": 0.6214953271028038,
            "rouge2": 0.36768149882903983,
            "rougeL": 0.397196261682243,
            "rougeLsum": 0.397196261682243,
            "bleu": {
                "bleu": 0.4637044623001078,
                "precisions": [
                    0.6895261845386533,
                    0.5205992509363296,
                    0.41,
                    0.3141426783479349
                ],
                "brevity_penalty": 1.0,
                "length_ratio": 1.073627844712182,
                "translation_length": 802,
                "reference_length": 747
            },
            "bert": {
                "precision": 0.7434333562850952,
                "recall": 0.792097290356954,
                "f1": 0.7631808718045553
            }
        },
        "meta-llama-3.1-8b-instruct": {
            "rouge1": 0.572958500669344,
            "rouge2": 0.3167785234899329,
            "rougeL": 0.3507362784471218,
            "rougeLsum": 0.3507362784471218,
            "bleu": {
                "bleu": 0.3268117247799814,
                "precisions": [
                    0.696875,
                    0.4522691705790297,
                    0.3103448275862069,
                    0.22762951334379905
                ],
                "brevity_penalty": 0.8460409637837354,
                "length_ratio": 0.856760374832664,
                "translation_length": 640,
                "reference_length": 747
            },
            "bert": {
                "precision": 0.7537134289741516,
                "recall": 0.7038035790125529,
                "f1": 0.7275829513867696
            }
        }
    },
    "gpt-4o": {
        "gpt-4-turbo": {
            "rouge1": 0.6214953271028038,
            "rouge2": 0.36768149882903983,
            "rougeL": 0.397196261682243,
            "rougeLsum": 0.397196261682243,
            "bleu": {
                "bleu": 0.462571489704709,
                "precisions": [
                    0.7402945113788487,
                    0.5589812332439679,
                    0.44026845637583895,
                    0.33736559139784944
                ],
                "brevity_penalty": 0.9290173682410853,
                "length_ratio": 0.9314214463840399,
                "translation_length": 747,
                "reference_length": 802
            },
            "bert": {
                "precision": 0.792097290356954,
                "recall": 0.7434333562850952,
                "f1": 0.7631808718045553
            }
        },
        "meta-llama-3.1-8b-instruct": {
            "rouge1": 0.5679012345679013,
            "rouge2": 0.2558459422283356,
            "rougeL": 0.3127572016460905,
            "rougeLsum": 0.3127572016460905,
            "bleu": {
                "bleu": 0.2893461288149311,
                "precisions": [
                    0.7375,
                    0.4757433489827856,
                    0.2993730407523511,
                    0.1836734693877551
                ],
                "brevity_penalty": 0.7763708294044124,
                "length_ratio": 0.7980049875311721,
                "translation_length": 640,
                "reference_length": 802
            },
            "bert": {
                "precision": 0.7652439872423807,
                "recall": 0.6911717851956686,
                "f1": 0.7234581311543783
            }
        }
    },
    "meta-llama-3.1-8b-instruct": {
        "gpt-4-turbo": {
            "rouge1": 0.572958500669344,
            "rouge2": 0.3167785234899329,
            "rougeL": 0.3507362784471218,
            "rougeLsum": 0.3507362784471218,
            "bleu": {
                "bleu": 0.3308409918045647,
                "precisions": [
                    0.5970548862115127,
                    0.3873994638069705,
                    0.2657718120805369,
                    0.19489247311827956
                ],
                "brevity_penalty": 1.0,
                "length_ratio": 1.1671875,
                "translation_length": 747,
                "reference_length": 640
            },
            "bert": {
                "precision": 0.703803559144338,
                "recall": 0.7537134289741516,
                "f1": 0.7275829116503397
            }
        },
        "gpt-4o": {
            "rouge1": 0.5679012345679013,
            "rouge2": 0.2558459422283356,
            "rougeL": 0.3127572016460905,
            "rougeLsum": 0.3127572016460905,
            "bleu": {
                "bleu": 0.29726774599146744,
                "precisions": [
                    0.5885286783042394,
                    0.37952559300873906,
                    0.23875,
                    0.14643304130162704
                ],
                "brevity_penalty": 1.0,
                "length_ratio": 1.253125,
                "translation_length": 802,
                "reference_length": 640
            },
            "bert": {
                "precision": 0.6911717851956686,
                "recall": 0.7652439872423807,
                "f1": 0.7234581311543783
            }
        }
    }
}
