Reference,Comparison,rouge1,rouge2,rougeL,rougeLsum,bleu_bleu,bleu_precisions,bleu_brevity_penalty,bleu_length_ratio,bleu_translation_length,bleu_reference_length,bert_precision,bert_recall,bert_f1
gpt-4-turbo,gpt-4o,0.6214953271028038,0.36768149882903983,0.397196261682243,0.397196261682243,0.4637044623001078,"[0.6895261845386533, 0.5205992509363296, 0.41, 0.3141426783479349]",1.0,1.073627844712182,802,747,0.7434333562850952,0.792097290356954,0.7631808718045553
gpt-4-turbo,meta-llama-3.1-8b-instruct,0.572958500669344,0.3167785234899329,0.3507362784471218,0.3507362784471218,0.3268117247799814,"[0.696875, 0.4522691705790297, 0.3103448275862069, 0.22762951334379905]",0.8460409637837354,0.856760374832664,640,747,0.7537134289741516,0.7038035790125529,0.7275829513867696
gpt-4o,gpt-4-turbo,0.6214953271028038,0.36768149882903983,0.397196261682243,0.397196261682243,0.462571489704709,"[0.7402945113788487, 0.5589812332439679, 0.44026845637583895, 0.33736559139784944]",0.9290173682410853,0.9314214463840399,747,802,0.792097290356954,0.7434333562850952,0.7631808718045553
gpt-4o,meta-llama-3.1-8b-instruct,0.5679012345679013,0.2558459422283356,0.3127572016460905,0.3127572016460905,0.2893461288149311,"[0.7375, 0.4757433489827856, 0.2993730407523511, 0.1836734693877551]",0.7763708294044124,0.7980049875311721,640,802,0.7652439872423807,0.6911717851956686,0.7234581311543783
meta-llama-3.1-8b-instruct,gpt-4-turbo,0.572958500669344,0.3167785234899329,0.3507362784471218,0.3507362784471218,0.3308409918045647,"[0.5970548862115127, 0.3873994638069705, 0.2657718120805369, 0.19489247311827956]",1.0,1.1671875,747,640,0.703803559144338,0.7537134289741516,0.7275829116503397
meta-llama-3.1-8b-instruct,gpt-4o,0.5679012345679013,0.2558459422283356,0.3127572016460905,0.3127572016460905,0.29726774599146744,"[0.5885286783042394, 0.37952559300873906, 0.23875, 0.14643304130162704]",1.0,1.253125,802,640,0.6911717851956686,0.7652439872423807,0.7234581311543783
