Reference,Comparison,rouge1,rouge2,rougeL,rougeLsum,bleu_bleu,bleu_precisions,bleu_brevity_penalty,bleu_length_ratio,bleu_translation_length,bleu_reference_length,bert_precision,bert_recall,bert_f1
gpt-4-turbo,gpt-4o,0.345199569,0.183783784,0.21574973,0.21574973,0.146475755,"[0.2447289156626506, 0.17935192162773173, 0.12518853695324283, 0.08377358490566038]",1,3.405128205,1328,390,0.675710857,0.706104577,0.690572888
,meta-llama-3.1-8b-instruct,0.283276451,0.082191781,0.204778157,0.204778157,0.149905705,"[0.2890625, 0.18904823989569752, 0.12402088772845953, 0.07450980392156863]",1,1.969230769,768,390,0.652850926,0.672232091,0.662367404
gpt-4o,gpt-4-turbo,0.345199569,0.183783784,0.21574973,0.21574973,0.045138769,"[0.8333333333333334, 0.6118251928020566, 0.42783505154639173, 0.2868217054263566]",0.090253924,0.293674699,390,1328,0.706104577,0.675710857,0.690572888
,meta-llama-3.1-8b-instruct,0.464384829,0.170528267,0.29787234,0.29787234,0.184512648,"[0.7734375, 0.49282920469361147, 0.2924281984334204, 0.19215686274509805]",0.482310748,0.578313253,768,1328,0.80851537,0.76086694,0.783379237
meta-llama-3.1-8b-instruct,gpt-4-turbo,0.283276451,0.082191781,0.204778157,0.204778157,0.112204186,"[0.5692307692307692, 0.37275064267352187, 0.24484536082474226, 0.14728682170542637]",0.379374753,0.5078125,390,768,0.672232121,0.652850926,0.662367433
,gpt-4o,0.464384829,0.170528267,0.29787234,0.29787234,0.22105676,"[0.44728915662650603, 0.2848530519969857, 0.1689291101055807, 0.1109433962264151]",1,1.729166667,1328,768,0.76086694,0.80851535,0.783379217
