Reference,Comparison,rouge1,rouge2,rougeL,rougeLsum,bleu_bleu,bleu_precisions,bleu_brevity_penalty,bleu_length_ratio,bleu_translation_length,bleu_reference_length,bert_precision,bert_recall,bert_f1
gpt-4-turbo,gpt-4o,0.466830467,0.209359606,0.28992629,0.28992629,0.222785924,"[0.39026915113871635, 0.2632124352331606, 0.18775933609958506, 0.1277258566978193]",1,1.829545455,966,528,0.781208277,0.761133403,0.770502329
,meta-llama-3.1-8b-instruct,0.463414634,0.20795107,0.298780488,0.298780488,0.227158261,"[0.40789473684210525, 0.2708638360175695, 0.18035190615835778, 0.13362701908957417]",1,1.295454545,684,528,0.789978206,0.729867488,0.758336931
gpt-4o,gpt-4-turbo,0.466830467,0.209359606,0.28992629,0.28992629,0.178043154,"[0.7140151515151515, 0.4819734345351044, 0.344106463878327, 0.2342857142857143]",0.436247536,0.546583851,528,966,0.761133373,0.781208277,0.770502299
,meta-llama-3.1-8b-instruct,0.510688836,0.228571429,0.304038005,0.304038005,0.282044365,"[0.7456140350877193, 0.5095168374816984, 0.3533724340175953, 0.24522760646108663]",0.662138387,0.708074534,684,966,0.809037268,0.763510863,0.785580556
meta-llama-3.1-8b-instruct,gpt-4-turbo,0.463414634,0.20795107,0.298780488,0.298780488,0.219138626,"[0.5284090909090909, 0.3510436432637571, 0.2338403041825095, 0.17333333333333334]",0.744193241,0.771929825,528,684,0.729867488,0.789978206,0.758336931
,gpt-4o,0.510688836,0.228571429,0.304038005,0.304038005,0.301417729,"[0.5279503105590062, 0.3606217616580311, 0.25, 0.17341640706126688]",1,1.412280702,966,684,0.763510863,0.809037228,0.785580536
