Reference,Comparison,rouge1,rouge2,rougeL,rougeLsum,bleu_bleu,bleu_precisions,bleu_brevity_penalty,bleu_length_ratio,bleu_translation_length,bleu_reference_length,bert_precision,bert_recall,bert_f1
gpt-4-turbo,gpt-4o,0.6216216216216216,0.3724604966139955,0.4459459459459459,0.4459459459459459,0.4115043285568987,"[0.6068281938325991, 0.4564498346196251, 0.3631346578366446, 0.2850828729281768]",1.0,1.3431952662721893,908,676,0.8023724853992462,0.8188126981258392,0.8104745149612427
gpt-4-turbo,meta-llama-3.1-8b-instruct,0.5910931174089069,0.24627875507442493,0.3724696356275303,0.3724696356275303,0.43769869675038786,"[0.7, 0.4992526158445441, 0.37425149700598803, 0.2908545727136432]",0.9910847547087005,0.9911242603550295,670,676,0.8097876012325287,0.8051437735557556,0.8073920011520386
gpt-4o,gpt-4-turbo,0.6216216216216216,0.3724604966139955,0.4459459459459459,0.4459459459459459,0.3923852903050705,"[0.8150887573964497, 0.6133333333333333, 0.48813056379821956, 0.3833580980683507]",0.7094996566800219,0.7444933920704846,676,908,0.8188126981258392,0.8023724853992462,0.8104745149612427
gpt-4o,meta-llama-3.1-8b-instruct,0.5135453474676089,0.1912632821723731,0.2850412249705536,0.2850412249705536,0.25314377831443236,"[0.7686567164179104, 0.484304932735426, 0.2874251497005988, 0.15892053973013492]",0.7010164816504751,0.737885462555066,670,908,0.7861143946647644,0.7699040472507477,0.7779240012168884
meta-llama-3.1-8b-instruct,gpt-4-turbo,0.5910931174089069,0.24627875507442493,0.3724696356275303,0.3724696356275303,0.43770741579695027,"[0.6937869822485208, 0.4948148148148148, 0.37091988130563797, 0.28826151560178304]",1.0,1.008955223880597,676,670,0.8051437735557556,0.8097876012325287,0.8073920011520386
meta-llama-3.1-8b-instruct,gpt-4o,0.5135453474676089,0.1912632821723731,0.2850412249705536,0.2850412249705536,0.26630072891639767,"[0.5671806167400881, 0.3572216097023153, 0.2119205298013245, 0.11712707182320442]",1.0,1.355223880597015,908,670,0.7699040472507477,0.7861143946647644,0.7779240012168884
