{
    "gpt-4-turbo": {
        "gpt-4o": {
            "rouge1": 0.6299019607843138,
            "rouge2": 0.33415233415233414,
            "rougeL": 0.3823529411764706,
            "rougeLsum": 0.3823529411764706,
            "bleu": {
                "bleu": 0.40553838004964626,
                "precisions": [
                    0.5869809203142536,
                    0.44719101123595506,
                    0.3689538807649044,
                    0.27927927927927926
                ],
                "brevity_penalty": 1.0,
                "length_ratio": 1.337837837837838,
                "translation_length": 891,
                "reference_length": 666
            },
            "bert": {
                "precision": 0.8072085678577423,
                "recall": 0.7808045148849487,
                "f1": 0.7937663197517395
            }
        },
        "meta-llama-3.1-8b-instruct": {
            "rouge1": 0.44596912521440824,
            "rouge2": 0.2099827882960413,
            "rougeL": 0.2915951972555746,
            "rougeLsum": 0.2915951972555746,
            "bleu": {
                "bleu": 0.24703261775520266,
                "precisions": [
                    0.7330508474576272,
                    0.45010615711252655,
                    0.29148936170212764,
                    0.20042643923240938
                ],
                "brevity_penalty": 0.6629756946293189,
                "length_ratio": 0.7087087087087087,
                "translation_length": 472,
                "reference_length": 666
            },
            "bert": {
                "precision": 0.7756700217723846,
                "recall": 0.7319463193416595,
                "f1": 0.7529812157154083
            }
        }
    },
    "gpt-4o": {
        "gpt-4-turbo": {
            "rouge1": 0.6299019607843138,
            "rouge2": 0.33415233415233414,
            "rougeL": 0.3823529411764706,
            "rougeLsum": 0.3823529411764706,
            "bleu": {
                "bleu": 0.3872238441236629,
                "precisions": [
                    0.7852852852852853,
                    0.5984962406015037,
                    0.4939759036144578,
                    0.3740573152337858
                ],
                "brevity_penalty": 0.7133109505660125,
                "length_ratio": 0.7474747474747475,
                "translation_length": 666,
                "reference_length": 891
            },
            "bert": {
                "precision": 0.7808045148849487,
                "recall": 0.8072085678577423,
                "f1": 0.7937663197517395
            }
        },
        "meta-llama-3.1-8b-instruct": {
            "rouge1": 0.4374057315233786,
            "rouge2": 0.1815431164901664,
            "rougeL": 0.277526395173454,
            "rougeLsum": 0.277526395173454,
            "bleu": {
                "bleu": 0.18148211742813178,
                "precisions": [
                    0.7860169491525424,
                    0.5329087048832272,
                    0.3617021276595745,
                    0.24946695095948826
                ],
                "brevity_penalty": 0.4115964646245079,
                "length_ratio": 0.5297418630751964,
                "translation_length": 472,
                "reference_length": 891
            },
            "bert": {
                "precision": 0.7632525563240051,
                "recall": 0.7496156692504883,
                "f1": 0.7562553882598877
            }
        }
    },
    "meta-llama-3.1-8b-instruct": {
        "gpt-4-turbo": {
            "rouge1": 0.44596912521440824,
            "rouge2": 0.2099827882960413,
            "rougeL": 0.2915951972555746,
            "rougeLsum": 0.2915951972555746,
            "bleu": {
                "bleu": 0.2638279023989316,
                "precisions": [
                    0.5195195195195195,
                    0.318796992481203,
                    0.2063253012048193,
                    0.14177978883861236
                ],
                "brevity_penalty": 1.0,
                "length_ratio": 1.4110169491525424,
                "translation_length": 666,
                "reference_length": 472
            },
            "bert": {
                "precision": 0.7319463193416595,
                "recall": 0.775670051574707,
                "f1": 0.7529812753200531
            }
        },
        "gpt-4o": {
            "rouge1": 0.4374057315233786,
            "rouge2": 0.1815431164901664,
            "rougeL": 0.277526395173454,
            "rougeLsum": 0.277526395173454,
            "bleu": {
                "bleu": 0.23322494224327117,
                "precisions": [
                    0.4163860830527497,
                    0.28202247191011237,
                    0.19122609673790777,
                    0.13175675675675674
                ],
                "brevity_penalty": 1.0,
                "length_ratio": 1.8877118644067796,
                "translation_length": 891,
                "reference_length": 472
            },
            "bert": {
                "precision": 0.7496156692504883,
                "recall": 0.7632525265216827,
                "f1": 0.7562553882598877
            }
        }
    }
}