Reference,Comparison,rouge1,rouge2,rougeL,rougeLsum,bleu_bleu,bleu_precisions,bleu_brevity_penalty,bleu_length_ratio,bleu_translation_length,bleu_reference_length,bert_precision,bert_recall,bert_f1
gpt-4-turbo,gpt-4o,0.6299019607843138,0.33415233415233414,0.3823529411764706,0.3823529411764706,0.40553838004964626,"[0.5869809203142536, 0.44719101123595506, 0.3689538807649044, 0.27927927927927926]",1.0,1.337837837837838,891,666,0.8072085678577423,0.7808045148849487,0.7937663197517395
gpt-4-turbo,meta-llama-3.1-8b-instruct,0.44596912521440824,0.2099827882960413,0.2915951972555746,0.2915951972555746,0.24703261775520266,"[0.7330508474576272, 0.45010615711252655, 0.29148936170212764, 0.20042643923240938]",0.6629756946293189,0.7087087087087087,472,666,0.7756700217723846,0.7319463193416595,0.7529812157154083
gpt-4o,gpt-4-turbo,0.6299019607843138,0.33415233415233414,0.3823529411764706,0.3823529411764706,0.3872238441236629,"[0.7852852852852853, 0.5984962406015037, 0.4939759036144578, 0.3740573152337858]",0.7133109505660125,0.7474747474747475,666,891,0.7808045148849487,0.8072085678577423,0.7937663197517395
gpt-4o,meta-llama-3.1-8b-instruct,0.4374057315233786,0.1815431164901664,0.277526395173454,0.277526395173454,0.18148211742813178,"[0.7860169491525424, 0.5329087048832272, 0.3617021276595745, 0.24946695095948826]",0.4115964646245079,0.5297418630751964,472,891,0.7632525563240051,0.7496156692504883,0.7562553882598877
meta-llama-3.1-8b-instruct,gpt-4-turbo,0.44596912521440824,0.2099827882960413,0.2915951972555746,0.2915951972555746,0.2638279023989316,"[0.5195195195195195, 0.318796992481203, 0.2063253012048193, 0.14177978883861236]",1.0,1.4110169491525424,666,472,0.7319463193416595,0.775670051574707,0.7529812753200531
meta-llama-3.1-8b-instruct,gpt-4o,0.4374057315233786,0.1815431164901664,0.277526395173454,0.277526395173454,0.23322494224327117,"[0.4163860830527497, 0.28202247191011237, 0.19122609673790777, 0.13175675675675674]",1.0,1.8877118644067796,891,472,0.7496156692504883,0.7632525265216827,0.7562553882598877
