Reference,Comparison,rouge1,rouge2,rougeL,rougeLsum,bleu_bleu,bleu_precisions,bleu_brevity_penalty,bleu_length_ratio,bleu_translation_length,bleu_reference_length,bert_precision,bert_recall,bert_f1
gpt-4-turbo,gpt-4o,0.3867859600825878,0.1847002067539628,0.19545767377838957,0.19545767377838957,0.17086767173673803,"[0.2674641148325359, 0.1977022498803255, 0.15086206896551724, 0.10685194058457115]",1.0,3.064516129032258,2090,682,0.7491549551486969,0.7561432719230652,0.7525036036968231
gpt-4-turbo,meta-llama-3.1-8b-instruct,0.4491725768321513,0.16587677725118483,0.2765957446808511,0.2765957446808511,0.1946183424677622,"[0.419917864476386, 0.2538540596094553, 0.15020576131687244, 0.08959835221421215]",1.0,1.4281524926686218,974,682,0.7419436872005463,0.7355106174945831,0.7386907637119293
gpt-4o,gpt-4-turbo,0.3867859600825878,0.1847002067539628,0.19545767377838957,0.19545767377838957,0.06653632549846837,"[0.8196480938416423, 0.6064610866372981, 0.4632352941176471, 0.3284241531664212]",0.1268796691054282,0.3263157894736842,682,2090,0.7561432719230652,0.7491549551486969,0.7525036036968231
gpt-4o,meta-llama-3.1-8b-instruct,0.4031108230719378,0.16612589227774174,0.21775761503564484,0.21775761503564484,0.08363879563754828,"[0.6427104722792608, 0.3699897225077081, 0.19547325102880658, 0.10298661174047374]",0.31797244388232104,0.4660287081339713,974,2090,0.7371944785118103,0.7259748379389445,0.7314889629681905
meta-llama-3.1-8b-instruct,gpt-4-turbo,0.4491725768321513,0.16587677725118483,0.2765957446808511,0.2765957446808511,0.1812597113463713,"[0.5997067448680352, 0.36270190895741555, 0.21470588235294116, 0.12812960235640647]",0.6517120259148818,0.7002053388090349,682,974,0.7355106174945831,0.7419436872005463,0.7386907637119293
meta-llama-3.1-8b-instruct,gpt-4o,0.4031108230719378,0.16612589227774174,0.21775761503564484,0.21775761503564484,0.12248226004124008,"[0.29952153110047847, 0.1723312589755864, 0.09099616858237548, 0.04791566842357451]",1.0,2.1457905544147846,2090,974,0.7259748379389445,0.7371944983800253,0.7314889430999756
