Reference,Comparison,rouge1,rouge2,rougeL,rougeLsum,bleu_bleu,bleu_precisions,bleu_brevity_penalty,bleu_length_ratio,bleu_translation_length,bleu_reference_length,bert_precision,bert_recall,bert_f1
gpt-4-turbo,gpt-4o,0.521084337,0.250755287,0.319277108,0.319277108,0.250742587,"[0.44331210191082804, 0.30357142857142855, 0.210727969348659, 0.13938618925831203]",1,1.748329621,785,449,0.762814164,0.778632075,0.769783616
,meta-llama-3.1-8b-instruct,0.354666667,0.125668449,0.234666667,0.234666667,0.165269938,"[0.2811565304087737, 0.19760479041916168, 0.14285714285714285, 0.094]",1,2.233853007,1003,449,0.748239994,0.753514886,0.750316501
gpt-4o,gpt-4-turbo,0.521084337,0.250755287,0.319277108,0.319277108,0.207720592,"[0.7750556792873051, 0.53125, 0.3691275167785235, 0.24439461883408073]",0.473156243,0.571974522,449,785,0.778632075,0.762814194,0.769783616
,meta-llama-3.1-8b-instruct,0.47972973,0.153498871,0.290540541,0.290540541,0.233025371,"[0.48753738783649053, 0.3023952095808383, 0.18181818181818182, 0.11]",1,1.277707006,1003,785,0.766019682,0.769581576,0.767588456
meta-llama-3.1-8b-instruct,gpt-4-turbo,0.354666667,0.125668449,0.234666667,0.234666667,0.107695439,"[0.6280623608017817, 0.4419642857142857, 0.319910514541387, 0.21076233183856502]",0.291168539,0.447657029,449,1003,0.753514856,0.748239994,0.750316501
,gpt-4o,0.47972973,0.153498871,0.290540541,0.290540541,0.225636166,"[0.6229299363057325, 0.3864795918367347, 0.23243933588761176, 0.14066496163682865]",0.757518737,0.782652044,785,1003,0.769581596,0.766019682,0.767588456
