Reference,Comparison,rouge1,rouge2,rougeL,rougeLsum,bleu_bleu,bleu_precisions,bleu_brevity_penalty,bleu_length_ratio,bleu_translation_length,bleu_reference_length,bert_precision,bert_recall,bert_f1
gpt-4-turbo,gpt-4o,0.5692503176620076,0.27261146496815286,0.38373570520965694,0.38373570520965694,0.3568620286306935,"[0.5510204081632653, 0.4199772985244041, 0.3159090909090909, 0.22184300341296928]",1.0,1.4022257551669317,882,629,0.7646041512489319,0.7777093648910522,0.7710559368133545
gpt-4-turbo,meta-llama-3.1-8b-instruct,0.4163265306122449,0.15552523874488403,0.24489795918367346,0.24489795918367346,0.1749940941273231,"[0.3739406779661017, 0.2067868504772004, 0.1326963906581741, 0.09139213602550478]",1.0,1.5007949125596185,944,629,0.7342824637889862,0.7170777916908264,0.7255681455135345
gpt-4o,gpt-4-turbo,0.5692503176620076,0.27261146496815286,0.38373570520965694,0.38373570520965694,0.33491290586729605,"[0.7726550079491256, 0.589171974522293, 0.4433811802232855, 0.31150159744408945]",0.6688297368765808,0.7131519274376418,629,882,0.7777093648910522,0.7646041512489319,0.7710559368133545
gpt-4o,meta-llama-3.1-8b-instruct,0.424390243902439,0.12469437652811735,0.21707317073170734,0.21707317073170734,0.22507193418016389,"[0.5296610169491526, 0.2831389183457052, 0.16772823779193205, 0.10201912858660998]",1.0,1.0702947845804989,944,882,0.7349190711975098,0.7188472350438436,0.7266933719317118
meta-llama-3.1-8b-instruct,gpt-4-turbo,0.4163265306122449,0.15552523874488403,0.24489795918367346,0.24489795918367346,0.1592938237471927,"[0.56120826709062, 0.3105095541401274, 0.19936204146730463, 0.13738019169329074]",0.6060487124517775,0.6663135593220338,629,944,0.7170778214931488,0.7342824637889862,0.7255682051181793
meta-llama-3.1-8b-instruct,gpt-4o,0.424390243902439,0.12469437652811735,0.21707317073170734,0.21707317073170734,0.22456638565699355,"[0.5668934240362812, 0.3030646992054484, 0.17954545454545454, 0.10921501706484642]",0.9321190050924624,0.934322033898305,882,944,0.7188472350438436,0.7349190711975098,0.7266933719317118
