{
    "gpt-4-turbo": {
        "gpt-4o": {
            "rouge1": 0.5692503176620076,
            "rouge2": 0.27261146496815286,
            "rougeL": 0.38373570520965694,
            "rougeLsum": 0.38373570520965694,
            "bleu": {
                "bleu": 0.3568620286306935,
                "precisions": [
                    0.5510204081632653,
                    0.4199772985244041,
                    0.3159090909090909,
                    0.22184300341296928
                ],
                "brevity_penalty": 1.0,
                "length_ratio": 1.4022257551669317,
                "translation_length": 882,
                "reference_length": 629
            },
            "bert": {
                "precision": 0.7646041512489319,
                "recall": 0.7777093648910522,
                "f1": 0.7710559368133545
            }
        },
        "meta-llama-3.1-8b-instruct": {
            "rouge1": 0.4163265306122449,
            "rouge2": 0.15552523874488403,
            "rougeL": 0.24489795918367346,
            "rougeLsum": 0.24489795918367346,
            "bleu": {
                "bleu": 0.1749940941273231,
                "precisions": [
                    0.3739406779661017,
                    0.2067868504772004,
                    0.1326963906581741,
                    0.09139213602550478
                ],
                "brevity_penalty": 1.0,
                "length_ratio": 1.5007949125596185,
                "translation_length": 944,
                "reference_length": 629
            },
            "bert": {
                "precision": 0.7342824637889862,
                "recall": 0.7170777916908264,
                "f1": 0.7255681455135345
            }
        }
    },
    "gpt-4o": {
        "gpt-4-turbo": {
            "rouge1": 0.5692503176620076,
            "rouge2": 0.27261146496815286,
            "rougeL": 0.38373570520965694,
            "rougeLsum": 0.38373570520965694,
            "bleu": {
                "bleu": 0.33491290586729605,
                "precisions": [
                    0.7726550079491256,
                    0.589171974522293,
                    0.4433811802232855,
                    0.31150159744408945
                ],
                "brevity_penalty": 0.6688297368765808,
                "length_ratio": 0.7131519274376418,
                "translation_length": 629,
                "reference_length": 882
            },
            "bert": {
                "precision": 0.7777093648910522,
                "recall": 0.7646041512489319,
                "f1": 0.7710559368133545
            }
        },
        "meta-llama-3.1-8b-instruct": {
            "rouge1": 0.424390243902439,
            "rouge2": 0.12469437652811735,
            "rougeL": 0.21707317073170734,
            "rougeLsum": 0.21707317073170734,
            "bleu": {
                "bleu": 0.22507193418016389,
                "precisions": [
                    0.5296610169491526,
                    0.2831389183457052,
                    0.16772823779193205,
                    0.10201912858660998
                ],
                "brevity_penalty": 1.0,
                "length_ratio": 1.0702947845804989,
                "translation_length": 944,
                "reference_length": 882
            },
            "bert": {
                "precision": 0.7349190711975098,
                "recall": 0.7188472350438436,
                "f1": 0.7266933719317118
            }
        }
    },
    "meta-llama-3.1-8b-instruct": {
        "gpt-4-turbo": {
            "rouge1": 0.4163265306122449,
            "rouge2": 0.15552523874488403,
            "rougeL": 0.24489795918367346,
            "rougeLsum": 0.24489795918367346,
            "bleu": {
                "bleu": 0.1592938237471927,
                "precisions": [
                    0.56120826709062,
                    0.3105095541401274,
                    0.19936204146730463,
                    0.13738019169329074
                ],
                "brevity_penalty": 0.6060487124517775,
                "length_ratio": 0.6663135593220338,
                "translation_length": 629,
                "reference_length": 944
            },
            "bert": {
                "precision": 0.7170778214931488,
                "recall": 0.7342824637889862,
                "f1": 0.7255682051181793
            }
        },
        "gpt-4o": {
            "rouge1": 0.424390243902439,
            "rouge2": 0.12469437652811735,
            "rougeL": 0.21707317073170734,
            "rougeLsum": 0.21707317073170734,
            "bleu": {
                "bleu": 0.22456638565699355,
                "precisions": [
                    0.5668934240362812,
                    0.3030646992054484,
                    0.17954545454545454,
                    0.10921501706484642
                ],
                "brevity_penalty": 0.9321190050924624,
                "length_ratio": 0.934322033898305,
                "translation_length": 882,
                "reference_length": 944
            },
            "bert": {
                "precision": 0.7188472350438436,
                "recall": 0.7349190711975098,
                "f1": 0.7266933719317118
            }
        }
    }
}