Reference,Comparison,rouge1,rouge2,rougeL,rougeLsum,bleu_bleu,bleu_precisions,bleu_brevity_penalty,bleu_length_ratio,bleu_translation_length,bleu_reference_length,bert_precision,bert_recall,bert_f1
gpt-4-turbo,gpt-4o,0.6507258753202391,0.44995722840034214,0.48505550811272413,0.48505550811272413,0.4359971777326951,"[0.5529322162985529, 0.4603658536585366, 0.40427154843630814, 0.3511450381679389]",1.0,1.5800240673886883,1313,831,0.7475507259368896,0.7617990374565125,0.7545426289240519
gpt-4-turbo,meta-llama-3.1-8b-instruct,0.555921052631579,0.30477759472817134,0.3832236842105263,0.3832236842105263,0.3410672908606619,"[0.4810578984989278, 0.36123032904148783, 0.30708661417322836, 0.25358166189111747]",1.0,1.6835138387484958,1399,831,0.7594459652900696,0.744884173075358,0.7520763079325358
gpt-4o,gpt-4-turbo,0.6507258753202391,0.44995722840034214,0.48505550811272413,0.48505550811272413,0.38595313010700505,"[0.8736462093862816, 0.727710843373494, 0.6393244873341375, 0.5555555555555556]",0.5598848914359442,0.6329017517136329,831,1313,0.7617990374565125,0.7475507458051046,0.7545426289240519
gpt-4o,meta-llama-3.1-8b-instruct,0.567102546455609,0.2549965541006203,0.33860977288368893,0.33860977288368893,0.37960259952680825,"[0.6726233023588277, 0.4542203147353362, 0.31209735146743023, 0.2177650429799427]",1.0,1.0654988575780655,1399,1313,0.7506723046302796,0.7535981416702271,0.7508945941925049
meta-llama-3.1-8b-instruct,gpt-4-turbo,0.555921052631579,0.30477759472817134,0.3832236842105263,0.3832236842105263,0.2900878002635108,"[0.8098676293622142, 0.608433734939759, 0.517490952955368, 0.427536231884058]",0.5048399459029698,0.5939957112223017,831,1399,0.744884173075358,0.7594459851582845,0.7520763079325358
meta-llama-3.1-8b-instruct,gpt-4o,0.567102546455609,0.2549965541006203,0.33860977288368893,0.33860977288368893,0.3788496809681205,"[0.7166793602437167, 0.4839939024390244, 0.3325705568268497, 0.23206106870229007]",0.9366001167515339,0.9385275196568977,1313,1399,0.7535981416702271,0.7506723165512085,0.7508945941925049
