{
    "gpt-4-turbo": {
        "gpt-4o": {
            "rouge1": 0.6507258753202391,
            "rouge2": 0.44995722840034214,
            "rougeL": 0.48505550811272413,
            "rougeLsum": 0.48505550811272413,
            "bleu": {
                "bleu": 0.4359971777326951,
                "precisions": [
                    0.5529322162985529,
                    0.4603658536585366,
                    0.40427154843630814,
                    0.3511450381679389
                ],
                "brevity_penalty": 1.0,
                "length_ratio": 1.5800240673886883,
                "translation_length": 1313,
                "reference_length": 831
            },
            "bert": {
                "precision": 0.7475507259368896,
                "recall": 0.7617990374565125,
                "f1": 0.7545426289240519
            }
        },
        "meta-llama-3.1-8b-instruct": {
            "rouge1": 0.555921052631579,
            "rouge2": 0.30477759472817134,
            "rougeL": 0.3832236842105263,
            "rougeLsum": 0.3832236842105263,
            "bleu": {
                "bleu": 0.3410672908606619,
                "precisions": [
                    0.4810578984989278,
                    0.36123032904148783,
                    0.30708661417322836,
                    0.25358166189111747
                ],
                "brevity_penalty": 1.0,
                "length_ratio": 1.6835138387484958,
                "translation_length": 1399,
                "reference_length": 831
            },
            "bert": {
                "precision": 0.7594459652900696,
                "recall": 0.744884173075358,
                "f1": 0.7520763079325358
            }
        }
    },
    "gpt-4o": {
        "gpt-4-turbo": {
            "rouge1": 0.6507258753202391,
            "rouge2": 0.44995722840034214,
            "rougeL": 0.48505550811272413,
            "rougeLsum": 0.48505550811272413,
            "bleu": {
                "bleu": 0.38595313010700505,
                "precisions": [
                    0.8736462093862816,
                    0.727710843373494,
                    0.6393244873341375,
                    0.5555555555555556
                ],
                "brevity_penalty": 0.5598848914359442,
                "length_ratio": 0.6329017517136329,
                "translation_length": 831,
                "reference_length": 1313
            },
            "bert": {
                "precision": 0.7617990374565125,
                "recall": 0.7475507458051046,
                "f1": 0.7545426289240519
            }
        },
        "meta-llama-3.1-8b-instruct": {
            "rouge1": 0.567102546455609,
            "rouge2": 0.2549965541006203,
            "rougeL": 0.33860977288368893,
            "rougeLsum": 0.33860977288368893,
            "bleu": {
                "bleu": 0.37960259952680825,
                "precisions": [
                    0.6726233023588277,
                    0.4542203147353362,
                    0.31209735146743023,
                    0.2177650429799427
                ],
                "brevity_penalty": 1.0,
                "length_ratio": 1.0654988575780655,
                "translation_length": 1399,
                "reference_length": 1313
            },
            "bert": {
                "precision": 0.7506723046302796,
                "recall": 0.7535981416702271,
                "f1": 0.7508945941925049
            }
        }
    },
    "meta-llama-3.1-8b-instruct": {
        "gpt-4-turbo": {
            "rouge1": 0.555921052631579,
            "rouge2": 0.30477759472817134,
            "rougeL": 0.3832236842105263,
            "rougeLsum": 0.3832236842105263,
            "bleu": {
                "bleu": 0.2900878002635108,
                "precisions": [
                    0.8098676293622142,
                    0.608433734939759,
                    0.517490952955368,
                    0.427536231884058
                ],
                "brevity_penalty": 0.5048399459029698,
                "length_ratio": 0.5939957112223017,
                "translation_length": 831,
                "reference_length": 1399
            },
            "bert": {
                "precision": 0.744884173075358,
                "recall": 0.7594459851582845,
                "f1": 0.7520763079325358
            }
        },
        "gpt-4o": {
            "rouge1": 0.567102546455609,
            "rouge2": 0.2549965541006203,
            "rougeL": 0.33860977288368893,
            "rougeLsum": 0.33860977288368893,
            "bleu": {
                "bleu": 0.3788496809681205,
                "precisions": [
                    0.7166793602437167,
                    0.4839939024390244,
                    0.3325705568268497,
                    0.23206106870229007
                ],
                "brevity_penalty": 0.9366001167515339,
                "length_ratio": 0.9385275196568977,
                "translation_length": 1313,
                "reference_length": 1399
            },
            "bert": {
                "precision": 0.7535981416702271,
                "recall": 0.7506723165512085,
                "f1": 0.7508945941925049
            }
        }
    }
}
