Reference,Comparison,rouge1,rouge2,rougeL,rougeLsum,bleu_bleu,bleu_precisions,bleu_brevity_penalty,bleu_length_ratio,bleu_translation_length,bleu_reference_length,bert_precision,bert_recall,bert_f1
gpt-4-turbo,gpt-4o,0.5801376597836775,0.37241379310344824,0.3893805309734514,0.3893805309734514,0.3302085220188023,"[0.466268146883006, 0.36752136752136755, 0.2968349016253208, 0.23373287671232876]",1.0,1.8587301587301588,1171,630,0.7704366445541382,0.799063116312027,0.7843997478485107
gpt-4-turbo,meta-llama-3.1-8b-instruct,0.492836676217765,0.20095693779904306,0.2808022922636103,0.2808022922636103,0.25375152645918325,"[0.40931780366056575, 0.28309741881765194, 0.22, 0.16263552960800667]",1.0,1.907936507936508,1202,630,0.7822695076465607,0.7976451516151428,0.7898570001125336
gpt-4o,gpt-4-turbo,0.5801376597836775,0.37241379310344824,0.3893805309734514,0.3893805309734514,0.2603406235952218,"[0.8666666666666667, 0.6836248012718601, 0.552547770700637, 0.4354066985645933]",0.42369977231192846,0.53800170794193,630,1171,0.799063116312027,0.7704366445541382,0.7843997478485107
gpt-4o,meta-llama-3.1-8b-instruct,0.543939393939394,0.18057663125948406,0.27121212121212124,0.27121212121212124,0.29089091607895406,"[0.64891846921797, 0.3938384679433805, 0.23166666666666666, 0.12093411175979983]",1.0,1.026473099914603,1202,1171,0.7588567286729813,0.7387370765209198,0.7486444264650345
meta-llama-3.1-8b-instruct,gpt-4-turbo,0.492836676217765,0.20095693779904306,0.2808022922636103,0.2808022922636103,0.19550336160772014,"[0.780952380952381, 0.5405405405405406, 0.42038216560509556, 0.31100478468899523]",0.4033556871390214,0.5241264559068219,630,1202,0.7976451516151428,0.7822695076465607,0.7898570001125336
meta-llama-3.1-8b-instruct,gpt-4o,0.543939393939394,0.18057663125948406,0.27121212121212124,0.27121212121212124,0.29080039124765056,"[0.6660973526900086, 0.4042735042735043, 0.23781009409751924, 0.12414383561643835]",0.9738742407834267,0.9742096505823628,1171,1202,0.7387370765209198,0.7588567286729813,0.7486444264650345
