Reference,Comparison,rouge1,rouge2,rougeL,rougeLsum,bleu_bleu,bleu_precisions,bleu_brevity_penalty,bleu_length_ratio,bleu_translation_length,bleu_reference_length,bert_precision,bert_recall,bert_f1
gpt-4-turbo,gpt-4o,0.057910197,0.026879462,0.043642467,0.043642467,0.021075851,"[0.03649299977048428, 0.02594123048668503, 0.017451205510907005, 0.011943040881947635]",1,22.57512953,4357,193,0.745827317,0.803994119,0.773819208
,meta-llama-3.1-8b-instruct,0.148484848,0.039513678,0.124242424,0.124242424,0.071776857,"[0.13, 0.09372156505914468, 0.058287795992714025, 0.037374658158614404]",1,5.699481865,1100,193,0.7793836,0.807540774,0.793212414
gpt-4o,gpt-4-turbo,0.057910197,0.026879462,0.043642467,0.043642467,2.05E-10,"[0.8238341968911918, 0.5885416666666666, 0.39790575916230364, 0.2736842105263158]",4.27E-10,0.044296534,193,4357,0.803994119,0.745827317,0.773819208
,meta-llama-3.1-8b-instruct,0.262146103,0.080447709,0.158685774,0.158685774,0.01483562,"[0.7636363636363637, 0.42584167424931757, 0.20309653916211293, 0.10209662716499544]",0.05177183,0.252467294,1100,4357,0.750013947,0.74146226,0.745659992
meta-llama-3.1-8b-instruct,gpt-4-turbo,0.148484848,0.039513678,0.124242424,0.124242424,0.003746829,"[0.7409326424870466, 0.5364583333333334, 0.33507853403141363, 0.21578947368421053]",0.009099991,0.175454545,193,1100,0.807540774,0.779383659,0.793212414
,gpt-4o,0.262146103,0.080447709,0.158685774,0.158685774,0.072272654,"[0.19279320633463393, 0.10743801652892562, 0.05120551090700345, 0.02572347266881029]",1,3.960909091,4357,1100,0.74146226,0.750013947,0.745659992
