{
    "gpt-4-turbo": {
        "gpt-4o": {
            "rouge1": 0.566793893129771,
            "rouge2": 0.2619502868068833,
            "rougeL": 0.33969465648854963,
            "rougeLsum": 0.33969465648854963,
            "bleu": {
                "bleu": 0.3529035793385838,
                "precisions": [
                    0.5789946140035906,
                    0.41509433962264153,
                    0.3012589928057554,
                    0.21422142214221424
                ],
                "brevity_penalty": 1.0,
                "length_ratio": 1.2968568102444704,
                "translation_length": 1114,
                "reference_length": 859
            },
            "bert": {
                "precision": 0.7381984194119772,
                "recall": 0.7546260356903076,
                "f1": 0.7461683948834738
            }
        },
        "meta-llama-3.1-8b-instruct": {
            "rouge1": 0.44225604297224713,
            "rouge2": 0.14349775784753363,
            "rougeL": 0.2578334825425246,
            "rougeLsum": 0.2578334825425246,
            "bleu": {
                "bleu": 0.19341151976362905,
                "precisions": [
                    0.4018264840182648,
                    0.23686214775323686,
                    0.15929878048780488,
                    0.09229595728451563
                ],
                "brevity_penalty": 1.0,
                "length_ratio": 1.529685681024447,
                "translation_length": 1314,
                "reference_length": 859
            },
            "bert": {
                "precision": 0.7240296204884847,
                "recall": 0.7192899386088053,
                "f1": 0.7207913597424825
            }
        }
    },
    "gpt-4o": {
        "gpt-4-turbo": {
            "rouge1": 0.566793893129771,
            "rouge2": 0.2619502868068833,
            "rougeL": 0.33969465648854963,
            "rougeLsum": 0.33969465648854963,
            "bleu": {
                "bleu": 0.3402505449096781,
                "precisions": [
                    0.7508731082654249,
                    0.5384615384615384,
                    0.3908984830805134,
                    0.2780373831775701
                ],
                "brevity_penalty": 0.7431504162702107,
                "length_ratio": 0.7710951526032316,
                "translation_length": 859,
                "reference_length": 1114
            },
            "bert": {
                "precision": 0.7546260356903076,
                "recall": 0.7381983995437622,
                "f1": 0.7461684147516886
            }
        },
        "meta-llama-3.1-8b-instruct": {
            "rouge1": 0.4524810765349033,
            "rouge2": 0.13984835720303287,
            "rougeL": 0.2321278385197645,
            "rougeLsum": 0.2321278385197645,
            "bleu": {
                "bleu": 0.2300104911195258,
                "precisions": [
                    0.5235920852359208,
                    0.2916984006092917,
                    0.18064024390243902,
                    0.10144927536231885
                ],
                "brevity_penalty": 1.0,
                "length_ratio": 1.1795332136445242,
                "translation_length": 1314,
                "reference_length": 1114
            },
            "bert": {
                "precision": 0.7494089752435684,
                "recall": 0.7170833647251129,
                "f1": 0.7321051955223083
            }
        }
    },
    "meta-llama-3.1-8b-instruct": {
        "gpt-4-turbo": {
            "rouge1": 0.44225604297224713,
            "rouge2": 0.14349775784753363,
            "rougeL": 0.2578334825425246,
            "rougeLsum": 0.2578334825425246,
            "bleu": {
                "bleu": 0.17430432526294137,
                "precisions": [
                    0.6146682188591386,
                    0.36247086247086246,
                    0.24387397899649943,
                    0.1413551401869159
                ],
                "brevity_penalty": 0.5887900084685079,
                "length_ratio": 0.6537290715372908,
                "translation_length": 859,
                "reference_length": 1314
            },
            "bert": {
                "precision": 0.7192899187405905,
                "recall": 0.7240296204884847,
                "f1": 0.7207913398742676
            }
        },
        "gpt-4o": {
            "rouge1": 0.4524810765349033,
            "rouge2": 0.13984835720303287,
            "rougeL": 0.2321278385197645,
            "rougeLsum": 0.2321278385197645,
            "bleu": {
                "bleu": 0.22676536088428187,
                "precisions": [
                    0.6175942549371634,
                    0.344115004492363,
                    0.2131294964028777,
                    0.11971197119711971
                ],
                "brevity_penalty": 0.8356601951615598,
                "length_ratio": 0.84779299847793,
                "translation_length": 1114,
                "reference_length": 1314
            },
            "bert": {
                "precision": 0.7170833647251129,
                "recall": 0.7494089901447296,
                "f1": 0.7321052253246307
            }
        }
    }
}
