Reference,Comparison,rouge1,rouge2,rougeL,rougeLsum,bleu_bleu,bleu_precisions,bleu_brevity_penalty,bleu_length_ratio,bleu_translation_length,bleu_reference_length,bert_precision,bert_recall,bert_f1
gpt-4-turbo,gpt-4o,0.566793893129771,0.2619502868068833,0.33969465648854963,0.33969465648854963,0.3529035793385838,"[0.5789946140035906, 0.41509433962264153, 0.3012589928057554, 0.21422142214221424]",1.0,1.2968568102444704,1114,859,0.7381984194119772,0.7546260356903076,0.7461683948834738
gpt-4-turbo,meta-llama-3.1-8b-instruct,0.44225604297224713,0.14349775784753363,0.2578334825425246,0.2578334825425246,0.19341151976362905,"[0.4018264840182648, 0.23686214775323686, 0.15929878048780488, 0.09229595728451563]",1.0,1.529685681024447,1314,859,0.7240296204884847,0.7192899386088053,0.7207913597424825
gpt-4o,gpt-4-turbo,0.566793893129771,0.2619502868068833,0.33969465648854963,0.33969465648854963,0.3402505449096781,"[0.7508731082654249, 0.5384615384615384, 0.3908984830805134, 0.2780373831775701]",0.7431504162702107,0.7710951526032316,859,1114,0.7546260356903076,0.7381983995437622,0.7461684147516886
gpt-4o,meta-llama-3.1-8b-instruct,0.4524810765349033,0.13984835720303287,0.2321278385197645,0.2321278385197645,0.2300104911195258,"[0.5235920852359208, 0.2916984006092917, 0.18064024390243902, 0.10144927536231885]",1.0,1.1795332136445242,1314,1114,0.7494089752435684,0.7170833647251129,0.7321051955223083
meta-llama-3.1-8b-instruct,gpt-4-turbo,0.44225604297224713,0.14349775784753363,0.2578334825425246,0.2578334825425246,0.17430432526294137,"[0.6146682188591386, 0.36247086247086246, 0.24387397899649943, 0.1413551401869159]",0.5887900084685079,0.6537290715372908,859,1314,0.7192899187405905,0.7240296204884847,0.7207913398742676
meta-llama-3.1-8b-instruct,gpt-4o,0.4524810765349033,0.13984835720303287,0.2321278385197645,0.2321278385197645,0.22676536088428187,"[0.6175942549371634, 0.344115004492363, 0.2131294964028777, 0.11971197119711971]",0.8356601951615598,0.84779299847793,1114,1314,0.7170833647251129,0.7494089901447296,0.7321052253246307
