Reference,Comparison,rouge1,rouge2,rougeL,rougeLsum,bleu_bleu,bleu_precisions,bleu_brevity_penalty,bleu_length_ratio,bleu_translation_length,bleu_reference_length,bert_precision,bert_recall,bert_f1
gpt-4-turbo,gpt-4o,0.163465833,0.084041127,0.108977222,0.108977222,0.055390191,"[0.09102663563485906, 0.06285566476978789, 0.04708926261319534, 0.03493788819875776]",1,8.993023256,3867,430,0.737241417,0.756366402,0.746234059
,meta-llama-3.1-8b-instruct,0.336134454,0.123595506,0.246498599,0.246498599,0.137590067,"[0.2676822633297062, 0.1721132897603486, 0.1079607415485278, 0.07205240174672489]",1,2.137209302,919,430,0.744105488,0.707919121,0.725369632
gpt-4o,gpt-4-turbo,0.163465833,0.084041127,0.108977222,0.108977222,0.000168796,"[0.8186046511627907, 0.5664335664335665, 0.4252336448598131, 0.3161592505854801]",0.000337811,0.111197311,430,3867,0.756366372,0.737241417,0.746234059
,meta-llama-3.1-8b-instruct,0.301414141,0.157703195,0.18989899,0.18989899,0.016240419,"[0.7584330794341676, 0.5021786492374728, 0.3326063249727372, 0.2052401746724891]",0.040444096,0.237651927,919,3867,0.767268285,0.713494882,0.739117712
meta-llama-3.1-8b-instruct,gpt-4-turbo,0.336134454,0.123595506,0.246498599,0.246498599,0.094484324,"[0.5720930232558139, 0.3682983682983683, 0.23130841121495327, 0.15456674473067916]",0.320712787,0.467899891,430,919,0.707919121,0.744105458,0.725369602
,gpt-4o,0.301414141,0.157703195,0.18989899,0.18989899,0.095310816,"[0.18024308249288853, 0.11924469736161407, 0.07891332470892626, 0.048654244306418216]",1,4.207834603,3867,919,0.713494867,0.767268285,0.739117712
