Reference,Comparison,rouge1,rouge2,rougeL,rougeLsum,bleu_bleu,bleu_precisions,bleu_brevity_penalty,bleu_length_ratio,bleu_translation_length,bleu_reference_length,bert_precision,bert_recall,bert_f1
gpt-4-turbo,gpt-4o,0.6066666666666668,0.33853006681514475,0.30444444444444446,0.30444444444444446,0.46118677376388933,"[0.7122762148337596, 0.528809218950064, 0.4115384615384615, 0.31835686777920413]",0.9784954614449577,0.9787234042553191,782,799,0.7902373870213827,0.7876718839009603,0.787967324256897
gpt-4-turbo,meta-llama-3.1-8b-instruct,0.3848314606741573,0.21690140845070421,0.25,0.25,0.2139840563684777,"[0.7303149606299213, 0.4516765285996055, 0.2885375494071146, 0.21782178217821782]",0.5639246443780926,0.6357947434292867,508,799,0.7701331973075867,0.7021218240261078,0.7345409095287323
gpt-4o,gpt-4-turbo,0.6066666666666668,0.33853006681514475,0.30444444444444446,0.30444444444444446,0.4612753266461715,"[0.6971214017521903, 0.5175438596491229, 0.4027603513174404, 0.31155778894472363]",1.0,1.0217391304347827,799,782,0.7876718839009603,0.7902373870213827,0.787967324256897
gpt-4o,meta-llama-3.1-8b-instruct,0.4313099041533547,0.17628205128205127,0.268370607028754,0.268370607028754,0.21148710241822213,"[0.7401574803149606, 0.4714003944773176, 0.2845849802371542, 0.17425742574257425]",0.583115453529061,0.649616368286445,508,782,0.7859328091144562,0.762103259563446,0.773833155632019
meta-llama-3.1-8b-instruct,gpt-4-turbo,0.3848314606741573,0.21690140845070421,0.25,0.25,0.24099524197057404,"[0.4643304130162703, 0.2869674185463659, 0.18318695106649938, 0.13819095477386933]",1.0,1.5728346456692914,799,508,0.7021218240261078,0.7701331973075867,0.7345409095287323
meta-llama-3.1-8b-instruct,gpt-4o,0.4313099041533547,0.17628205128205127,0.268370607028754,0.268370607028754,0.23536141463272275,"[0.48081841432225064, 0.3060179257362356, 0.18461538461538463, 0.11296534017971759]",1.0,1.5393700787401574,782,508,0.762103259563446,0.7859328091144562,0.773833155632019
