{
    "gpt-4-turbo": {
        "gpt-4o": {
            "rouge1": 0.6066666666666668,
            "rouge2": 0.33853006681514475,
            "rougeL": 0.30444444444444446,
            "rougeLsum": 0.30444444444444446,
            "bleu": {
                "bleu": 0.46118677376388933,
                "precisions": [
                    0.7122762148337596,
                    0.528809218950064,
                    0.4115384615384615,
                    0.31835686777920413
                ],
                "brevity_penalty": 0.9784954614449577,
                "length_ratio": 0.9787234042553191,
                "translation_length": 782,
                "reference_length": 799
            },
            "bert": {
                "precision": 0.7902373870213827,
                "recall": 0.7876718839009603,
                "f1": 0.787967324256897
            }
        },
        "meta-llama-3.1-8b-instruct": {
            "rouge1": 0.3848314606741573,
            "rouge2": 0.21690140845070421,
            "rougeL": 0.25,
            "rougeLsum": 0.25,
            "bleu": {
                "bleu": 0.2139840563684777,
                "precisions": [
                    0.7303149606299213,
                    0.4516765285996055,
                    0.2885375494071146,
                    0.21782178217821782
                ],
                "brevity_penalty": 0.5639246443780926,
                "length_ratio": 0.6357947434292867,
                "translation_length": 508,
                "reference_length": 799
            },
            "bert": {
                "precision": 0.7701331973075867,
                "recall": 0.7021218240261078,
                "f1": 0.7345409095287323
            }
        }
    },
    "gpt-4o": {
        "gpt-4-turbo": {
            "rouge1": 0.6066666666666668,
            "rouge2": 0.33853006681514475,
            "rougeL": 0.30444444444444446,
            "rougeLsum": 0.30444444444444446,
            "bleu": {
                "bleu": 0.4612753266461715,
                "precisions": [
                    0.6971214017521903,
                    0.5175438596491229,
                    0.4027603513174404,
                    0.31155778894472363
                ],
                "brevity_penalty": 1.0,
                "length_ratio": 1.0217391304347827,
                "translation_length": 799,
                "reference_length": 782
            },
            "bert": {
                "precision": 0.7876718839009603,
                "recall": 0.7902373870213827,
                "f1": 0.787967324256897
            }
        },
        "meta-llama-3.1-8b-instruct": {
            "rouge1": 0.4313099041533547,
            "rouge2": 0.17628205128205127,
            "rougeL": 0.268370607028754,
            "rougeLsum": 0.268370607028754,
            "bleu": {
                "bleu": 0.21148710241822213,
                "precisions": [
                    0.7401574803149606,
                    0.4714003944773176,
                    0.2845849802371542,
                    0.17425742574257425
                ],
                "brevity_penalty": 0.583115453529061,
                "length_ratio": 0.649616368286445,
                "translation_length": 508,
                "reference_length": 782
            },
            "bert": {
                "precision": 0.7859328091144562,
                "recall": 0.762103259563446,
                "f1": 0.773833155632019
            }
        }
    },
    "meta-llama-3.1-8b-instruct": {
        "gpt-4-turbo": {
            "rouge1": 0.3848314606741573,
            "rouge2": 0.21690140845070421,
            "rougeL": 0.25,
            "rougeLsum": 0.25,
            "bleu": {
                "bleu": 0.24099524197057404,
                "precisions": [
                    0.4643304130162703,
                    0.2869674185463659,
                    0.18318695106649938,
                    0.13819095477386933
                ],
                "brevity_penalty": 1.0,
                "length_ratio": 1.5728346456692914,
                "translation_length": 799,
                "reference_length": 508
            },
            "bert": {
                "precision": 0.7021218240261078,
                "recall": 0.7701331973075867,
                "f1": 0.7345409095287323
            }
        },
        "gpt-4o": {
            "rouge1": 0.4313099041533547,
            "rouge2": 0.17628205128205127,
            "rougeL": 0.268370607028754,
            "rougeLsum": 0.268370607028754,
            "bleu": {
                "bleu": 0.23536141463272275,
                "precisions": [
                    0.48081841432225064,
                    0.3060179257362356,
                    0.18461538461538463,
                    0.11296534017971759
                ],
                "brevity_penalty": 1.0,
                "length_ratio": 1.5393700787401574,
                "translation_length": 782,
                "reference_length": 508
            },
            "bert": {
                "precision": 0.762103259563446,
                "recall": 0.7859328091144562,
                "f1": 0.773833155632019
            }
        }
    }
}
