Reference,Comparison,rouge1,rouge2,rougeL,rougeLsum,bleu_bleu,bleu_precisions,bleu_brevity_penalty,bleu_length_ratio,bleu_translation_length,bleu_reference_length,bert_precision,bert_recall,bert_f1
gpt-4-turbo,gpt-4o,0.613095238095238,0.37176938369781315,0.43055555555555547,0.43055555555555547,0.38119317211742104,"[0.5454545454545454, 0.4240218380345769, 0.3360655737704918, 0.2716499544211486]",1.0,1.5151515151515151,1100,726,0.8009208142757416,0.8192964494228363,0.8099983930587769
gpt-4-turbo,meta-llama-3.1-8b-instruct,0.5988304093567252,0.27198124267291907,0.3906432748538012,0.3906432748538012,0.3998153873985562,"[0.6509090909090909, 0.4538834951456311, 0.3353584447144593, 0.25790754257907544]",1.0,1.1363636363636365,825,726,0.8073621392250061,0.7992516756057739,0.8032448887825012
gpt-4o,gpt-4-turbo,0.613095238095238,0.37176938369781315,0.43055555555555547,0.43055555555555547,0.3452865140023291,"[0.8264462809917356, 0.6427586206896552, 0.5096685082872928, 0.41217150760719223]",0.5974100710831303,0.66,726,1100,0.8192964494228363,0.8009208142757416,0.8099983930587769
gpt-4o,meta-llama-3.1-8b-instruct,0.5365853658536585,0.2072336265884653,0.28487804878048784,0.28487804878048784,0.26374650330588967,"[0.7781818181818182, 0.49150485436893204, 0.28797083839611176, 0.16666666666666666]",0.7165313105737893,0.75,825,1100,0.7923972805341085,0.7617280880610148,0.7766861716906229
meta-llama-3.1-8b-instruct,gpt-4-turbo,0.5988304093567252,0.27198124267291907,0.3906432748538012,0.3906432748538012,0.3965179573229474,"[0.7396694214876033, 0.5158620689655172, 0.3812154696132597, 0.29322268326417705]",0.8725252928694237,0.88,726,825,0.7992516756057739,0.8073621392250061,0.8032448887825012
meta-llama-3.1-8b-instruct,gpt-4o,0.5365853658536585,0.2072336265884653,0.28487804878048784,0.28487804878048784,0.27594015556356194,"[0.5836363636363636, 0.3685168334849864, 0.21584699453551912, 0.12488605287146765]",1.0,1.3333333333333333,1100,825,0.7617280880610148,0.7923972805341085,0.7766861716906229
