{
    "gpt-4-turbo": {
        "gpt-4o": {
            "rouge1": 0.5696969696969698,
            "rouge2": 0.2839756592292089,
            "rougeL": 0.40404040404040403,
            "rougeLsum": 0.40404040404040403,
            "bleu": {
                "bleu": 0.31147220066324044,
                "precisions": [
                    0.5194585448392555,
                    0.3694915254237288,
                    0.2597623089983022,
                    0.18877551020408162
                ],
                "brevity_penalty": 1.0,
                "length_ratio": 1.5593667546174141,
                "translation_length": 591,
                "reference_length": 379
            },
            "bert": {
                "precision": 0.6989712417125702,
                "recall": 0.7769041061401367,
                "f1": 0.7351633012294769
            }
        },
        "meta-llama-3.1-8b-instruct": {
            "rouge1": 0.5233644859813084,
            "rouge2": 0.23004694835680753,
            "rougeL": 0.411214953271028,
            "rougeLsum": 0.411214953271028,
            "bleu": {
                "bleu": 0.3290579993371676,
                "precisions": [
                    0.5138592750533049,
                    0.3888888888888889,
                    0.284796573875803,
                    0.20600858369098712
                ],
                "brevity_penalty": 1.0,
                "length_ratio": 1.237467018469657,
                "translation_length": 469,
                "reference_length": 379
            },
            "bert": {
                "precision": 0.7132406830787659,
                "recall": 0.7549605965614319,
                "f1": 0.732061356306076
            }
        }
    },
    "gpt-4o": {
        "gpt-4-turbo": {
            "rouge1": 0.5696969696969698,
            "rouge2": 0.2839756592292089,
            "rougeL": 0.40404040404040403,
            "rougeLsum": 0.40404040404040403,
            "bleu": {
                "bleu": 0.2780080512910912,
                "precisions": [
                    0.8100263852242744,
                    0.5767195767195767,
                    0.40583554376657827,
                    0.29521276595744683
                ],
                "brevity_penalty": 0.5715708939025025,
                "length_ratio": 0.6412859560067682,
                "translation_length": 379,
                "reference_length": 591
            },
            "bert": {
                "precision": 0.7769041061401367,
                "recall": 0.6989712417125702,
                "f1": 0.7351633012294769
            }
        },
        "meta-llama-3.1-8b-instruct": {
            "rouge1": 0.5124282982791588,
            "rouge2": 0.1804222648752399,
            "rougeL": 0.3403441682600382,
            "rougeLsum": 0.3403441682600382,
            "bleu": {
                "bleu": 0.25829197631079437,
                "precisions": [
                    0.7142857142857143,
                    0.4358974358974359,
                    0.25481798715203424,
                    0.15879828326180256
                ],
                "brevity_penalty": 0.7709529501191003,
                "length_ratio": 0.7935702199661591,
                "translation_length": 469,
                "reference_length": 591
            },
            "bert": {
                "precision": 0.8039171993732452,
                "recall": 0.7713661193847656,
                "f1": 0.787292093038559
            }
        }
    },
    "meta-llama-3.1-8b-instruct": {
        "gpt-4-turbo": {
            "rouge1": 0.5233644859813084,
            "rouge2": 0.23004694835680753,
            "rougeL": 0.411214953271028,
            "rougeLsum": 0.411214953271028,
            "bleu": {
                "bleu": 0.3213713514843071,
                "precisions": [
                    0.6358839050131926,
                    0.48148148148148145,
                    0.35278514588859416,
                    0.2553191489361702
                ],
                "brevity_penalty": 0.7886229005422801,
                "length_ratio": 0.8081023454157783,
                "translation_length": 379,
                "reference_length": 469
            },
            "bert": {
                "precision": 0.7549605965614319,
                "recall": 0.7132406830787659,
                "f1": 0.732061356306076
            }
        },
        "gpt-4o": {
            "rouge1": 0.5124282982791588,
            "rouge2": 0.1804222648752399,
            "rougeL": 0.3403441682600382,
            "rougeLsum": 0.3403441682600382,
            "bleu": {
                "bleu": 0.26569316701416495,
                "precisions": [
                    0.5668358714043993,
                    0.34576271186440677,
                    0.20203735144312393,
                    0.12585034013605442
                ],
                "brevity_penalty": 1.0,
                "length_ratio": 1.2601279317697227,
                "translation_length": 591,
                "reference_length": 469
            },
            "bert": {
                "precision": 0.7713661193847656,
                "recall": 0.8039171993732452,
                "f1": 0.787292093038559
            }
        }
    }
}