{
    "gpt-4-turbo": {
        "gpt-4o": {
            "rouge1": 0.25687382297551786,
            "rouge2": 0.10554089709762535,
            "rougeL": 0.14161958568738228,
            "rougeLsum": 0.14161958568738228,
            "bleu": {
                "bleu": 0.11693878517472811,
                "precisions": [
                    0.2236976506639428,
                    0.15197956577266922,
                    0.09197751660705161,
                    0.059800664451827246
                ],
                "brevity_penalty": 1.0,
                "length_ratio": 3.7690086621751684,
                "translation_length": 3916,
                "reference_length": 1039
            },
            "bert": {
                "precision": 0.6930438578128815,
                "recall": 0.7133950293064117,
                "f1": 0.7027450203895569
            }
        },
        "meta-llama-3.1-8b-instruct": {
            "rouge1": 0.32744043043812454,
            "rouge2": 0.10161662817551964,
            "rougeL": 0.18447348193697158,
            "rougeLsum": 0.18447348193697158,
            "bleu": {
                "bleu": 0.17116722667496084,
                "precisions": [
                    0.44082125603864736,
                    0.2525679758308157,
                    0.11910519951632406,
                    0.0647307924984876
                ],
                "brevity_penalty": 1.0,
                "length_ratio": 1.5938402309913378,
                "translation_length": 1656,
                "reference_length": 1039
            },
            "bert": {
                "precision": 0.7009618282318115,
                "recall": 0.708694651722908,
                "f1": 0.7046481966972351
            }
        }
    },
    "gpt-4o": {
        "gpt-4-turbo": {
            "rouge1": 0.25687382297551786,
            "rouge2": 0.10554089709762535,
            "rougeL": 0.14161958568738228,
            "rougeLsum": 0.14161958568738228,
            "bleu": {
                "bleu": 0.027674629920369943,
                "precisions": [
                    0.8431183830606352,
                    0.5732177263969171,
                    0.3471552555448409,
                    0.22586872586872586
                ],
                "brevity_penalty": 0.06272415475837494,
                "length_ratio": 0.2653217568947906,
                "translation_length": 1039,
                "reference_length": 3916
            },
            "bert": {
                "precision": 0.7133950293064117,
                "recall": 0.6930438578128815,
                "f1": 0.7027450203895569
            }
        },
        "meta-llama-3.1-8b-instruct": {
            "rouge1": 0.3781456953642384,
            "rouge2": 0.15175612988734263,
            "rougeL": 0.19735099337748344,
            "rougeLsum": 0.19735099337748344,
            "bleu": {
                "bleu": 0.10169268424066039,
                "precisions": [
                    0.7572463768115942,
                    0.5045317220543807,
                    0.3282950423216445,
                    0.20024198427102238
                ],
                "brevity_penalty": 0.25544853977238097,
                "length_ratio": 0.42288049029622066,
                "translation_length": 1656,
                "reference_length": 3916
            },
            "bert": {
                "precision": 0.7702946960926056,
                "recall": 0.737022876739502,
                "f1": 0.7531263728936514
            }
        }
    },
    "meta-llama-3.1-8b-instruct": {
        "gpt-4-turbo": {
            "rouge1": 0.32744043043812454,
            "rouge2": 0.10161662817551964,
            "rougeL": 0.18447348193697158,
            "rougeLsum": 0.18447348193697158,
            "bleu": {
                "bleu": 0.15072937479837262,
                "precisions": [
                    0.7025986525505293,
                    0.4026974951830443,
                    0.18997107039537126,
                    0.10328185328185328
                ],
                "brevity_penalty": 0.5522026221250239,
                "length_ratio": 0.6274154589371981,
                "translation_length": 1039,
                "reference_length": 1656
            },
            "bert": {
                "precision": 0.708694651722908,
                "recall": 0.7009618282318115,
                "f1": 0.7046481966972351
            }
        },
        "gpt-4o": {
            "rouge1": 0.3781456953642384,
            "rouge2": 0.15175612988734263,
            "rougeL": 0.19735099337748344,
            "rougeLsum": 0.19735099337748344,
            "bleu": {
                "bleu": 0.16825837068535052,
                "precisions": [
                    0.3202247191011236,
                    0.21328224776500637,
                    0.1387327542156362,
                    0.08458982877587529
                ],
                "brevity_penalty": 1.0,
                "length_ratio": 2.364734299516908,
                "translation_length": 3916,
                "reference_length": 1656
            },
            "bert": {
                "precision": 0.7370228866736094,
                "recall": 0.7702946861584982,
                "f1": 0.7531263629595438
            }
        }
    }
}