Reference,Comparison,rouge1,rouge2,rougeL,rougeLsum,bleu_bleu,bleu_precisions,bleu_brevity_penalty,bleu_length_ratio,bleu_translation_length,bleu_reference_length,bert_precision,bert_recall,bert_f1
gpt-4-turbo,gpt-4o,0.503507405,0.257611241,0.332034295,0.332034295,0.273825634,"[0.428842504743833, 0.30443037974683546, 0.23432552248258393, 0.18377693282636248]",1,1.851288056,1581,854,0.7904404,0.777195573,0.78374058
,meta-llama-3.1-8b-instruct,0.521649485,0.22107438,0.315463918,0.315463918,0.272482905,"[0.591743119266055, 0.3467278989667049, 0.2103448275862069, 0.1277330264672037]",1,1.021077283,872,854,0.776637276,0.742793719,0.759013116
gpt-4o,gpt-4-turbo,0.503507405,0.257611241,0.332034295,0.332034295,0.216565815,"[0.7939110070257611, 0.5638921453692849, 0.43427230046948356, 0.3407755581668625]",0.426864752,0.540164453,854,1581,0.777195613,0.7904404,0.7837406
,meta-llama-3.1-8b-instruct,0.520213577,0.238349885,0.315789474,0.315789474,0.146845623,"[0.7075688073394495, 0.4431687715269805, 0.26436781609195403, 0.14499424626006904]",0.443492941,0.551549652,872,1581,0.819099426,0.787455122,0.802850982
meta-llama-3.1-8b-instruct,gpt-4-turbo,0.521649485,0.22107438,0.315463918,0.315463918,0.272433128,"[0.6042154566744731, 0.3540445486518171, 0.2147887323943662, 0.13043478260869565]",0.97914329,0.979357798,854,872,0.742793719,0.776637276,0.759013116
,gpt-4o,0.520213577,0.238349885,0.315789474,0.315789474,0.182483327,"[0.3902593295382669, 0.24430379746835443, 0.14566181127295758, 0.07984790874524715]",1,1.813073394,1581,872,0.787455122,0.819099426,0.802850982
