Reference,Comparison,rouge1,rouge2,rougeL,rougeLsum,bleu_bleu,bleu_precisions,bleu_brevity_penalty,bleu_length_ratio,bleu_translation_length,bleu_reference_length,bert_precision,bert_recall,bert_f1
gpt-4-turbo,gpt-4o,0.583458647,0.301659125,0.342857143,0.342857143,0.391695097,"[0.8097826086956522, 0.5626134301270418, 0.4290909090909091, 0.3296903460837887]",0.777391189,0.798842258,552,691,0.833580345,0.787531644,0.809863061
,meta-llama-3.1-8b-instruct,0.53024453,0.260645161,0.411840412,0.411840412,0.348178594,"[0.515, 0.3867334167709637, 0.30952380952380953, 0.2383939774153074]",1,1.157742402,800,691,0.802770585,0.752085984,0.776578665
gpt-4o,gpt-4-turbo,0.583458647,0.301659125,0.342857143,0.342857143,0.402282601,"[0.6468885672937771, 0.4492753623188406, 0.34252539912917274, 0.26308139534883723]",1,1.251811594,691,552,0.787531644,0.833580345,0.809863061
,meta-llama-3.1-8b-instruct,0.449848024,0.210365854,0.310030395,0.310030395,0.286283127,"[0.46875, 0.3454317897371715, 0.24310776942355888, 0.17063989962358847]",1,1.449275362,800,552,0.810275167,0.798816532,0.804499269
meta-llama-3.1-8b-instruct,gpt-4-turbo,0.53024453,0.260645161,0.411840412,0.411840412,0.344378641,"[0.5962373371924746, 0.44782608695652176, 0.3584905660377358, 0.2761627906976744]",0.85406976,0.86375,691,800,0.752085984,0.802770585,0.776578665
,gpt-4o,0.449848024,0.210365854,0.310030395,0.310030395,0.264969575,"[0.6793478260869565, 0.5009074410163339, 0.3527272727272727, 0.24772313296903462]",0.638090368,0.69,552,800,0.798816532,0.810275167,0.804499269
