Reference,Comparison,rouge1,rouge2,rougeL,rougeLsum,bleu_bleu,bleu_precisions,bleu_brevity_penalty,bleu_length_ratio,bleu_translation_length,bleu_reference_length,bert_precision,bert_recall,bert_f1
gpt-4-turbo,gpt-4o,0.635714286,0.324582339,0.307142857,0.307142857,0.450142668,"[0.7848605577689243, 0.5452127659574468, 0.4207723035952064, 0.31866666666666665]",0.919739006,0.922794118,753,816,0.820847174,0.798515896,0.809438129
,meta-llama-3.1-8b-instruct,0.576659039,0.291284404,0.336384439,0.336384439,0.280392932,"[0.6560332871012483, 0.3958333333333333, 0.2517385257301808, 0.16016713091922005]",0.876550078,0.883578431,721,816,0.787756701,0.752547681,0.769585709
gpt-4o,gpt-4-turbo,0.635714286,0.324582339,0.307142857,0.307142857,0.451568252,"[0.7242647058823529, 0.5030674846625767, 0.3882063882063882, 0.2939729397293973]",1,1.083665339,816,753,0.798515896,0.820847174,0.809438129
,meta-llama-3.1-8b-instruct,0.606060606,0.311392405,0.353535354,0.353535354,0.331686083,"[0.6768377253814147, 0.4375, 0.27816411682892905, 0.17548746518105848]",0.956587704,0.95750332,721,753,0.815943937,0.806680838,0.811270873
meta-llama-3.1-8b-instruct,gpt-4-turbo,0.576659039,0.291284404,0.336384439,0.336384439,0.28257252,"[0.5796568627450981, 0.3496932515337423, 0.22235872235872237, 0.14145141451414514]",1,1.131761442,816,721,0.752547681,0.787756701,0.769585709
,gpt-4o,0.606060606,0.311392405,0.353535354,0.353535354,0.331974117,"[0.648074369189907, 0.41888297872340424, 0.2663115845539281, 0.168]",1,1.044382802,753,721,0.806680838,0.815943956,0.811270893
