Reference,Comparison,rouge1,rouge2,rougeL,rougeLsum,bleu_bleu,bleu_precisions,bleu_brevity_penalty,bleu_length_ratio,bleu_translation_length,bleu_reference_length,bert_precision,bert_recall,bert_f1
gpt-4-turbo,gpt-4o,0.607058824,0.308962264,0.341176471,0.341176471,0.427851452,"[0.7404479578392622, 0.5263852242744064, 0.40554821664464996, 0.3082010582010582]",0.910697821,0.914457831,759,830,0.819818437,0.781073888,0.799922705
,meta-llama-3.1-8b-instruct,0.492688414,0.20518602,0.287964004,0.287964004,0.325690156,"[0.5370813397129187, 0.3664670658682635, 0.28177458033573144, 0.2028811524609844]",1,1.007228916,836,830,0.754013379,0.721521656,0.736483614
gpt-4o,gpt-4-turbo,0.607058824,0.308962264,0.341176471,0.341176471,0.429545091,"[0.6771084337349398, 0.4813027744270205, 0.37077294685990336, 0.28174123337363965]",1,1.093544137,830,759,0.781073888,0.819818437,0.799922705
,meta-llama-3.1-8b-instruct,0.482758621,0.186939821,0.283524904,0.283524904,0.335872893,"[0.5801435406698564, 0.4035928143712575, 0.2829736211031175, 0.19207683073229292]",1,1.101449275,836,759,0.774069945,0.784647246,0.778584818
meta-llama-3.1-8b-instruct,gpt-4-turbo,0.492688414,0.20518602,0.287964004,0.287964004,0.325685923,"[0.5409638554216868, 0.3691194209891435, 0.28381642512077293, 0.20435308343409916]",0.99279715,0.992822967,830,836,0.721521656,0.754013399,0.736483594
,gpt-4o,0.482758621,0.186939821,0.283524904,0.283524904,0.334318094,"[0.6389986824769434, 0.4445910290237467, 0.31175693527080584, 0.21164021164021163]",0.903527009,0.907894737,759,836,0.784647246,0.774069945,0.778584818
