{
    "gpt-4-turbo": {
        "gpt-4o": {
            "rouge1": 0.6070588235294118,
            "rouge2": 0.30896226415094336,
            "rougeL": 0.3411764705882353,
            "rougeLsum": 0.3411764705882353,
            "bleu": {
                "bleu": 0.4278514520894429,
                "precisions": [
                    0.7404479578392622,
                    0.5263852242744064,
                    0.40554821664464996,
                    0.3082010582010582
                ],
                "brevity_penalty": 0.9106978210490061,
                "length_ratio": 0.9144578313253012,
                "translation_length": 759,
                "reference_length": 830
            },
            "bert": {
                "precision": 0.8198184370994568,
                "recall": 0.7810738881429037,
                "f1": 0.7999227046966553
            }
        },
        "meta-llama-3.1-8b-instruct": {
            "rouge1": 0.4926884139482565,
            "rouge2": 0.20518602029312288,
            "rougeL": 0.2879640044994376,
            "rougeLsum": 0.2879640044994376,
            "bleu": {
                "bleu": 0.3256901561187223,
                "precisions": [
                    0.5370813397129187,
                    0.3664670658682635,
                    0.28177458033573144,
                    0.2028811524609844
                ],
                "brevity_penalty": 1.0,
                "length_ratio": 1.0072289156626506,
                "translation_length": 836,
                "reference_length": 830
            },
            "bert": {
                "precision": 0.7540133794148763,
                "recall": 0.7215216557184855,
                "f1": 0.736483613650004
            }
        }
    },
    "gpt-4o": {
        "gpt-4-turbo": {
            "rouge1": 0.6070588235294118,
            "rouge2": 0.30896226415094336,
            "rougeL": 0.3411764705882353,
            "rougeLsum": 0.3411764705882353,
            "bleu": {
                "bleu": 0.42954509050714834,
                "precisions": [
                    0.6771084337349398,
                    0.4813027744270205,
                    0.37077294685990336,
                    0.28174123337363965
                ],
                "brevity_penalty": 1.0,
                "length_ratio": 1.093544137022398,
                "translation_length": 830,
                "reference_length": 759
            },
            "bert": {
                "precision": 0.7810738881429037,
                "recall": 0.8198184370994568,
                "f1": 0.7999227046966553
            }
        },
        "meta-llama-3.1-8b-instruct": {
            "rouge1": 0.4827586206896552,
            "rouge2": 0.18693982074263762,
            "rougeL": 0.28352490421455945,
            "rougeLsum": 0.28352490421455945,
            "bleu": {
                "bleu": 0.3358728930017777,
                "precisions": [
                    0.5801435406698564,
                    0.4035928143712575,
                    0.2829736211031175,
                    0.19207683073229292
                ],
                "brevity_penalty": 1.0,
                "length_ratio": 1.1014492753623188,
                "translation_length": 836,
                "reference_length": 759
            },
            "bert": {
                "precision": 0.7740699450174967,
                "recall": 0.7846472462018331,
                "f1": 0.7785848180452982
            }
        }
    },
    "meta-llama-3.1-8b-instruct": {
        "gpt-4-turbo": {
            "rouge1": 0.4926884139482565,
            "rouge2": 0.20518602029312288,
            "rougeL": 0.2879640044994376,
            "rougeLsum": 0.2879640044994376,
            "bleu": {
                "bleu": 0.32568592335284263,
                "precisions": [
                    0.5409638554216868,
                    0.3691194209891435,
                    0.28381642512077293,
                    0.20435308343409916
                ],
                "brevity_penalty": 0.99279715010129,
                "length_ratio": 0.992822966507177,
                "translation_length": 830,
                "reference_length": 836
            },
            "bert": {
                "precision": 0.7215216557184855,
                "recall": 0.7540133992830912,
                "f1": 0.7364835937817892
            }
        },
        "gpt-4o": {
            "rouge1": 0.4827586206896552,
            "rouge2": 0.18693982074263762,
            "rougeL": 0.28352490421455945,
            "rougeLsum": 0.28352490421455945,
            "bleu": {
                "bleu": 0.33431809361374737,
                "precisions": [
                    0.6389986824769434,
                    0.4445910290237467,
                    0.31175693527080584,
                    0.21164021164021163
                ],
                "brevity_penalty": 0.9035270092600377,
                "length_ratio": 0.9078947368421053,
                "translation_length": 759,
                "reference_length": 836
            },
            "bert": {
                "precision": 0.7846472462018331,
                "recall": 0.7740699450174967,
                "f1": 0.7785848180452982
            }
        }
    }
}