Reference,Comparison,rouge1,rouge2,rougeL,rougeLsum,bleu_bleu,bleu_precisions,bleu_brevity_penalty,bleu_length_ratio,bleu_translation_length,bleu_reference_length,bert_precision,bert_recall,bert_f1
gpt-4-turbo,gpt-4o,0.522041763,0.244186047,0.317865429,0.317865429,0.252598643,"[0.4481086323957323, 0.30970873786407765, 0.2108843537414966, 0.13910505836575876]",1,1.780656304,1031,579,0.779533237,0.793919921,0.786658555
,meta-llama-3.1-8b-instruct,0.424161074,0.121130552,0.27114094,0.27114094,0.228687438,"[0.40324449594438005, 0.27610208816705334, 0.19744483159117304, 0.12441860465116279]",1,1.490500864,863,579,0.739271969,0.733940601,0.736413896
gpt-4o,gpt-4-turbo,0.522041763,0.244186047,0.317865429,0.317865429,0.20628669,"[0.7979274611398963, 0.5519031141868512, 0.37608318890814557, 0.2482638888888889]",0.458105256,0.561590689,579,1031,0.793919921,0.779533237,0.786658555
,meta-llama-3.1-8b-instruct,0.480587618,0.151419558,0.274921301,0.274921301,0.244029231,"[0.697566628041715, 0.4071925754060325, 0.22067363530778164, 0.12325581395348838]",0.823106439,0.837051406,863,1031,0.772598147,0.745805025,0.758566936
meta-llama-3.1-8b-instruct,gpt-4-turbo,0.424161074,0.121130552,0.27114094,0.27114094,0.208893166,"[0.6010362694300518, 0.4117647058823529, 0.29462738301559793, 0.1857638888888889]",0.612319629,0.670915411,579,863,0.733940601,0.739271969,0.736413896
,gpt-4o,0.480587618,0.151419558,0.274921301,0.274921301,0.248093093,"[0.5838991270611057, 0.3407766990291262, 0.184645286686103, 0.10311284046692606]",1,1.194669757,1031,863,0.745805025,0.772598147,0.758566936
