Reference,Comparison,rouge1,rouge2,rougeL,rougeLsum,bleu_bleu,bleu_precisions,bleu_brevity_penalty,bleu_length_ratio,bleu_translation_length,bleu_reference_length,bert_precision,bert_recall,bert_f1
gpt-4-turbo,gpt-4o,0.300707108,0.127374302,0.154075177,0.154075177,0.103761469,"[0.18967709127892193, 0.12360122075279756, 0.08674637496820148, 0.056997455470737916]",1,4.101147028,3933,959,0.767781158,0.727969706,0.747333765
,meta-llama-3.1-8b-instruct,0.311858077,0.067352666,0.181139122,0.181139122,0.193226767,"[0.453740157480315, 0.26403940886699506, 0.14201183431952663, 0.08193484698914116]",1,1.059436913,1016,959,0.736614148,0.673478226,0.703365048
gpt-4o,gpt-4-turbo,0.300707108,0.127374302,0.154075177,0.154075177,0.019171003,"[0.7778936392075079, 0.5073068893528184, 0.3563218390804598, 0.23430962343096234]",0.044997559,0.243834223,959,3933,0.727969706,0.767781178,0.747333785
,meta-llama-3.1-8b-instruct,0.276661515,0.097447796,0.1561051,0.1561051,0.019820193,"[0.7952755905511811, 0.4768472906403941, 0.26528599605522685, 0.14906219151036526]",0.056638688,0.258326977,1016,3933,0.762890771,0.73962155,0.75090538
meta-llama-3.1-8b-instruct,gpt-4-turbo,0.311858077,0.067352666,0.181139122,0.181139122,0.192915652,"[0.4807090719499479, 0.2797494780793319, 0.15047021943573669, 0.08682008368200837]",0.942294978,0.943897638,959,1016,0.673478206,0.736614148,0.703365048
,gpt-4o,0.276661515,0.097447796,0.1561051,0.1561051,0.090300099,"[0.205441139079583, 0.12309257375381485, 0.06843042482828797, 0.038422391857506365]",1,3.871062992,3933,1016,0.73962152,0.762890786,0.75090535
