Reference,Comparison,rouge1,rouge2,rougeL,rougeLsum,bleu_bleu,bleu_precisions,bleu_brevity_penalty,bleu_length_ratio,bleu_translation_length,bleu_reference_length,bert_precision,bert_recall,bert_f1
gpt-4-turbo,gpt-4o,0.5671321160042965,0.29709364908503766,0.30075187969924816,0.30075187969924816,0.328662848242146,"[0.4981167608286252, 0.37323279924599434, 0.29150943396226414, 0.21529745042492918]",1.0,1.5827123695976155,1062,671,0.7739356756210327,0.7568947076797485,0.7652957737445831
gpt-4-turbo,meta-llama-3.1-8b-instruct,0.4149933065595716,0.16375838926174496,0.28380187416332,0.28380187416332,0.20028865105041394,"[0.4568469505178366, 0.24308755760368664, 0.14763552479815456, 0.09815242494226328]",1.0,1.2950819672131149,869,671,0.7637430131435394,0.7418428361415863,0.7524949312210083
gpt-4o,gpt-4-turbo,0.5671321160042965,0.29709364908503766,0.30075187969924816,0.30075187969924816,0.2906981739171563,"[0.7883755588673621, 0.591044776119403, 0.4618834080717489, 0.3413173652694611]",0.5583817729691485,0.6318267419962336,671,1062,0.7568947076797485,0.7739356756210327,0.7652957737445831
gpt-4o,meta-llama-3.1-8b-instruct,0.41942604856512145,0.15265486725663718,0.2229580573951435,0.2229580573951435,0.21237458283945243,"[0.6248561565017261, 0.35023041474654376, 0.19377162629757785, 0.11662817551963048]",0.8008397924573523,0.8182674199623352,869,1062,0.7485119303067526,0.7464023033777872,0.747401773929596
meta-llama-3.1-8b-instruct,gpt-4-turbo,0.4149933065595716,0.16375838926174496,0.28380187416332,0.28380187416332,0.19320707180555166,"[0.5916542473919523, 0.31492537313432833, 0.19133034379671152, 0.12724550898203593]",0.7444705627876546,0.7721518987341772,671,869,0.7418428361415863,0.7637430131435394,0.7524949312210083
meta-llama-3.1-8b-instruct,gpt-4o,0.41942604856512145,0.15265486725663718,0.2229580573951435,0.2229580573951435,0.2169279867346155,"[0.5112994350282486, 0.2865221489161169, 0.15849056603773584, 0.09537299338999056]",1.0,1.2220943613348676,1062,869,0.7464023033777872,0.7485119303067526,0.747401773929596
