Reference,Comparison,rouge1,rouge2,rougeL,rougeLsum,bleu_bleu,bleu_precisions,bleu_brevity_penalty,bleu_length_ratio,bleu_translation_length,bleu_reference_length,bert_precision,bert_recall,bert_f1
gpt-4-turbo,gpt-4o,0.5907335907335908,0.2785299806576403,0.35521235521235517,0.35521235521235517,0.3629968760015332,"[0.5828111011638317, 0.4157706093189964, 0.31928251121076234, 0.2244165170556553]",1.0,1.3110328638497653,1117,852,0.7553706169128418,0.7716367642084757,0.7631974418958029
gpt-4-turbo,meta-llama-3.1-8b-instruct,0.5338809034907598,0.22016460905349797,0.3203285420944559,0.3203285420944559,0.2693624019485061,"[0.5494736842105263, 0.3287671232876712, 0.21729957805907174, 0.1341077085533263]",1.0,1.1150234741784038,950,852,0.7538587053616842,0.748238762219747,0.7505399982134501
gpt-4o,gpt-4-turbo,0.5907335907335908,0.2785299806576403,0.35521235521235517,0.35521235521235517,0.34883370829521826,"[0.7640845070422535, 0.54524089306698, 0.4188235294117647, 0.2944640753828033]",0.7326897964662681,0.7627573858549687,852,1117,0.7716367840766907,0.7553706367810568,0.7631974418958029
gpt-4o,meta-llama-3.1-8b-instruct,0.48362235067437387,0.1583011583011583,0.279383429672447,0.279383429672447,0.24588362789681717,"[0.6031578947368421, 0.3656480505795574, 0.23839662447257384, 0.14044350580781415]",0.838794553077097,0.8504923903312444,950,1117,0.7475498716036478,0.7282712459564209,0.7370175917943319
meta-llama-3.1-8b-instruct,gpt-4-turbo,0.5338809034907598,0.22016460905349797,0.3203285420944559,0.3203285420944559,0.26776018953027075,"[0.6126760563380281, 0.36662749706227965, 0.24235294117647058, 0.14958775029446408]",0.8913452200645322,0.8968421052631579,852,950,0.748238762219747,0.7538586854934692,0.7505399982134501
meta-llama-3.1-8b-instruct,gpt-4o,0.48362235067437387,0.1583011583011583,0.279383429672447,0.279383429672447,0.2492537424124401,"[0.5129811996418979, 0.3109318996415771, 0.20269058295964126, 0.11938958707360861]",1.0,1.1757894736842105,1117,950,0.7282712459564209,0.7475498716036478,0.7370175917943319
