Reference,Comparison,rouge1,rouge2,rougeL,rougeLsum,bleu_bleu,bleu_precisions,bleu_brevity_penalty,bleu_length_ratio,bleu_translation_length,bleu_reference_length,bert_precision,bert_recall,bert_f1
gpt-4-turbo,gpt-4o,0.516220028,0.246110325,0.318758815,0.318758815,0.251120468,"[0.42921348314606744, 0.3048368953880765, 0.21396396396396397, 0.14205186020293123]",1,1.909871245,890,466,0.766581267,0.79920119,0.782516241
,meta-llama-3.1-8b-instruct,0.405797101,0.119547658,0.270531401,0.270531401,0.221682513,"[0.3753180661577608, 0.25987261146496815, 0.19387755102040816, 0.1277139208173691]",1,1.686695279,786,466,0.746749371,0.765197098,0.755477488
gpt-4o,gpt-4-turbo,0.516220028,0.246110325,0.318758815,0.318758815,0.193376047,"[0.8197424892703863, 0.5827956989247312, 0.40948275862068967, 0.27213822894168466]",0.402576055,0.523595506,466,890,0.79920122,0.766581267,0.782516271
,meta-llama-3.1-8b-instruct,0.495121951,0.168704156,0.280487805,0.280487805,0.271759983,"[0.688295165394402, 0.4089171974522293, 0.2385204081632653, 0.13793103448275862]",0.876064534,0.883146067,786,890,0.776806056,0.757394532,0.766861876
meta-llama-3.1-8b-instruct,gpt-4-turbo,0.405797101,0.119547658,0.270531401,0.270531401,0.188413281,"[0.6330472103004292, 0.43870967741935485, 0.3275862068965517, 0.2159827213822894]",0.50323638,0.592875318,466,786,0.765197098,0.746749371,0.755477488
,gpt-4o,0.495121951,0.168704156,0.280487805,0.280487805,0.273895456,"[0.6078651685393258, 0.3610798650168729, 0.21058558558558557, 0.12175873731679819]",1,1.132315522,890,786,0.757394552,0.776806056,0.766861876
