Reference,Comparison,rouge1,rouge2,rougeL,rougeLsum,bleu_bleu,bleu_precisions,bleu_brevity_penalty,bleu_length_ratio,bleu_translation_length,bleu_reference_length,bert_precision,bert_recall,bert_f1
gpt-4-turbo,gpt-4o,0.18319455,0.103030303,0.112036336,0.112036336,0.064444795,"[0.10261660978384528, 0.07692307692307693, 0.05645344866833599, 0.038706739526411654]",1,8.339658444,4395,527,0.765038103,0.771232039,0.768086731
,meta-llama-3.1-8b-instruct,0.310659898,0.140386572,0.184771574,0.184771574,0.119867486,"[0.22151450813871196, 0.14943342776203966, 0.09992912827781715, 0.062411347517730496]",1,2.681214421,1413,527,0.736573696,0.726230532,0.731275648
gpt-4o,gpt-4-turbo,0.18319455,0.103030303,0.112036336,0.112036336,0.000349827,"[0.855787476280835, 0.6425855513307985, 0.4723809523809524, 0.3244274809160305]",0.000649272,0.119908987,527,4395,0.771232039,0.765038103,0.768086731
,meta-llama-3.1-8b-instruct,0.338512397,0.121733377,0.183801653,0.183801653,0.039203106,"[0.7848549186128804, 0.4681303116147309, 0.23742026931254429, 0.125531914893617]",0.121189069,0.321501706,1413,4395,0.778513706,0.752155399,0.764874864
meta-llama-3.1-8b-instruct,gpt-4-turbo,0.310659898,0.140386572,0.184771574,0.184771574,0.05993331,"[0.5939278937381404, 0.4011406844106464, 0.26857142857142857, 0.16793893129770993]",0.186147777,0.372965322,527,1413,0.726230472,0.736573666,0.731275588
,gpt-4o,0.338512397,0.121733377,0.183801653,0.183801653,0.103926704,"[0.25233219567690557, 0.15043240782885753, 0.07625768267698611, 0.040300546448087435]",1,3.110403397,4395,1413,0.752155387,0.778513718,0.764874864
