Reference,Comparison,rouge1,rouge2,rougeL,rougeLsum,bleu_bleu,bleu_precisions,bleu_brevity_penalty,bleu_length_ratio,bleu_translation_length,bleu_reference_length,bert_precision,bert_recall,bert_f1
gpt-4-turbo,gpt-4o,0.145425489,0.06557377,0.087095485,0.087095485,0.049137328,"[0.08925695882217621, 0.06028531983433042, 0.038895281933256615, 0.02785451197053407]",1,9,4347,483,0.723952532,0.738496929,0.731151015
,meta-llama-3.1-8b-instruct,0.253308129,0.104166667,0.166351607,0.166351607,0.118445736,"[0.24140302613480055, 0.15072264280798348, 0.09022038567493113, 0.05995864920744314]",1,3.010351967,1454,483,0.754888743,0.738438368,0.746532023
gpt-4o,gpt-4-turbo,0.145425489,0.06557377,0.087095485,0.087095485,0.000148765,"[0.8033126293995859, 0.5435684647302904, 0.35135135135135137, 0.2520833333333333]",0.000335463,0.111111111,483,4347,0.738496929,0.723952502,0.731150955
,meta-llama-3.1-8b-instruct,0.423811064,0.199417287,0.232287286,0.232287286,0.044266208,"[0.7393397524071527, 0.44872677219545765, 0.25550964187327824, 0.129565816678153]",0.136738678,0.334483552,1454,4347,0.754274559,0.743521774,0.74794023
meta-llama-3.1-8b-instruct,gpt-4-turbo,0.253308129,0.104166667,0.166351607,0.166351607,0.047858112,"[0.7267080745341615, 0.45435684647302904, 0.27234927234927236, 0.18125]",0.133941523,0.33218707,483,1454,0.738438368,0.754888773,0.746532023
,gpt-4o,0.423811064,0.199417287,0.232287286,0.232287286,0.108207463,"[0.2472969864274212, 0.1500230096640589, 0.08538550057537399, 0.0432780847145488]",1,2.989683631,4347,1454,0.743521774,0.754274559,0.74794023
